name;price;quantity;fromCity;isAvailable;views
Intel Core i5;25188;23;Малага;False;50489
amazing siding;20.8;767;tools;Кишинев;False;29084
EVGA 500B 80+ BRONZE;31539;12;Льейда;True;62030
elegant exfoliator;40.3;518;cosmetics;Сория;True;65904
SteelSeries Arctis 7;19694;20;Скопье;True;75918
Ricoh Aficio MP;69046;53;Москва;False;91401
attractive facial cleanser;27.03;739;cosmetics;Эльче;False;36083
Epson Expression Home XP;58545;29;Виго;True;80261
beautiful melon;92.36;699;fruit;Монсон;True;67822
sublime exfoliator;30.13;950;cosmetics;Фигерас;False;64651
superb plum;51.75;655;fruit;Камбадос;True;85126
AMD Ryzen 5;70348;34;Бургос;True;11238
superb level;39.8;527;tools;Минск;True;57487
marvelous nails;62.67;521;tools;Санхенхо;False;82110
Ricoh Aficio MP;33322;57;Гранада;True;14077
elegant kiwifruit;69.95;557;fruit;Тирана;True;8112
EVGA 500B 80+ BRONZE;20622;21;Киев;True;49603
elegant chisel;14.32;858;tools;Сантьяго-де-Компостела;False;77393
beautiful siding;96.36;737;tools;Виго;False;43200
sublime tape measure;21.1;729;tools;Монсон;False;83116
amazing melon;71.76;634;fruit;Мартоса;True;93650
AMD Ryzen 5;95639;22;Трухильо;False;54844
sublime body wash;25.82;893;cosmetics;Мадрид;True;17827
sublime body wash;98.93;811;cosmetics;Афины;True;89108
WD Blue HDD;49034;64;Санкт-Петербург;True;93707
Ricoh Aficio MP;47087;20;Тбилиси;False;67188
magnificent hair mask;62.78;617;cosmetics;Афины;False;79882
attractive hammer;28.37;594;tools;Трухильо;True;36304
sublime electrical;84.29;990;tools;Эльче;True;57659
pretty lip balm;50.55;905;cosmetics;Лас-Росас;False;35180
AMD Ryzen 5;52968;19;Мурсия;True;49017
nice manicure set;16.88;569;cosmetics;Касерес;True;30562
amazing makeup remover;36.38;675;cosmetics;Краков;True;10263
Canon PIXMA;21045;14;Виго;True;20226
superb tape measure;16.08;614;tools;Москва;True;70893
exquisite baby shampoo;91.49;933;cosmetics;Навалькарнеро;True;66925
attractive electrical;69.12;855;tools;Льейда;True;40120
trendy scaffolding;82.78;897;tools;Махадаонда;True;41284
superb peach;99.2;606;fruit;Кордова;False;51797
Intel Core i5;70245;31;Москва;False;61473
SteelSeries Arctis 7;87132;17;Малага;True;17617
delightful wallpaper;85.44;802;tools;Камбадос;True;45052
amazing trim;24.98;653;tools;Куэнка;True;48469
Samsung 970 EVO SSD;37233;15;Трухильо;False;62882
stylish plum;71.23;591;fruit;Санхенхо;False;50142
magnificent lotion;86.71;865;cosmetics;Алма-Ата;True;65828
elegant tape measure;36.68;507;tools;Минск;True;75436
pleasant cranberry;80.9;605;fruit;Семана;True;96477
delightful makeup remover;12.31;940;cosmetics;Любляна;False;17164
Corsair HS60;87207;42;Трухильо;True;13763
Corsair HS60;97334;57;Минск;True;51657
Samsung 970 EVO SSD;89908;74;Валенсия;False;48811
delightful night cream;79.15;755;cosmetics;Виго;True;22153
pleasant cherry;37.05;699;fruit;Алькала-де-Энарес;False;87912
SteelSeries Arctis 7;67558;57;Махадаонда;True;50303
exquisite doors;62.6;758;tools;Тудела;False;377
refined hair mask;57.95;775;cosmetics;Артейхо;False;20631
HyperX DDR4 RAM;16129;47;Овьедо;False;93424
superb toothpaste;46.44;533;cosmetics;Сантьяго-де-Компостела;False;45517
pleasant wheelbarrow;99.67;767;tools;Севилья;False;4407
tasteful level;68.36;704;tools;Ереван;True;37101
refined toner;50.79;660;cosmetics;Бильбао;False;61837
Epson Expression Home XP;12755;38;Афины;True;54447
AMD Ryzen 5;62884;16;Вроцлав;True;44548
SteelSeries Arctis 7;32791;45;Варшава;True;38157
Kingston Canvas Select Plus;12591;10;Вальядолид;True;87437
HP LaserJet Pro;82950;32;Семана;False;99740
amazing grapes;36.86;827;fruit;Краков;False;31733
gorgeous cranberry;28.57;807;fruit;Овьедо;False;65331
WD Blue HDD;64902;18;Бланес;True;11078
Ricoh Aficio MP;86097;74;Авилес;True;98640
trendy guava;10.03;942;fruit;София;False;46811
pretty guava;80.04;659;fruit;Аликанте;True;75042
stylish roofing;54.93;546;tools;Сьюдад-Реаль;False;77861
elegant apple;82.28;874;fruit;Москва;False;81244
NVIDIA GeForce GTX 1050;53231;27;Мерида;False;34622
Samsung 970 EVO SSD;38809;64;Махадаонда;True;3705
magnificent scaffolding;80.31;934;tools;Афины;True;9435
pretty bubble bath;69.27;932;cosmetics;Сараево;True;51905
pleasant papaya;63.42;659;fruit;Сеговия;False;15335
trendy lotion;77.42;741;cosmetics;Артейхо;True;37698
magnificent shampoo;78.83;973;cosmetics;Картахена;False;89732
luxurious shampoo;18.73;857;cosmetics;Осера;True;20677
Logitech Wireless Keyboard;17585;23;Малага;False;42428
delightful face wash;68.59;654;cosmetics;Киев;True;69460
exquisite baseboard;14.68;508;tools;Эль-Пуэрто-де-Санта-Мария;False;83029
elegant siding;56.24;526;tools;Душанбе;False;34706
stylish trim;84.59;951;tools;Осера;False;39665
Razer Variau;65253;26;Вильнюс;True;71839
gorgeous roofing;70.51;809;tools;Кадакес;False;77815
WD Blue HDD;25277;58;Сьюдад-Реаль;False;67995
EVGA 500B 80+ BRONZE;79608;14;Тарраса;True;87026
amazing perfume;40.06;1031;cosmetics;Льейда;True;83810
WD Blue HDD;84329;43;Сория;True;86024
EVGA 500B 80+ BRONZE;20656;67;Ташкент;True;94617
magnificent makeup remover;15.98;729;cosmetics;Мурсия;False;16272
stylish drywall;74.97;745;tools;Тудела;True;5110
stylish blueberry;81.99;776;fruit;Самора;True;22315
beautiful nail polish;16.09;625;cosmetics;Ла-Корунья;True;49064
Kingston Canvas Select Plus;20043;56;Варшава;True;61193
Logitech Wireless Keyboard;86188;61;Касерес;False;84136
EVGA 500B 80+ BRONZE;49003;21;Вильявисиоса;True;12971
gorgeous toner;70.5;838;cosmetics;Монсон;False;17090
Ricoh Aficio MP;74722;68;Семана;True;81751
marvelous flooring;66.32;546;tools;Семана;False;61029
superb peach;12.18;640;fruit;Кордова;False;68323
pleasant moustache wax;42.43;984;cosmetics;Киев;False;25709
Brother DCP-T510W;64697;24;Куэнка;True;32766
trendy chisel;66.42;755;tools;Тирана;True;43361
superb facial cleanser;75.67;503;cosmetics;Белград;True;84304
exquisite melon;89.21;457;fruit;Бильбао;False;93331
trendy electrical;29.22;816;tools;Малага;True;37692
tasteful screws;58.28;762;tools;Тарраса;False;4788
nice apple;48.04;832;fruit;Кадакес;False;46627
WD Blue HDD;79351;46;Астана;True;23410
exquisite cranberry;34.88;988;fruit;Сан-Себастьян;True;25952
Corsair HS60;43616;70;Алма-Ата;False;96344
delightful saw;14.18;805;tools;Льейда;True;75080
pretty strawberry;58.74;815;fruit;Ташкент;False;88884
Kingston Canvas Select Plus;29423;49;Бишкек;True;52456
marvelous insulation;97.43;810;tools;Киев;True;14662
beautiful orange;63.71;831;fruit;Кадакес;True;24971
Canon PIXMA;34640;43;Бишкек;True;46132
delightful nail polish;62.63;778;cosmetics;Артейхо;False;56834
sublime makeup remover;43.32;919;cosmetics;Санхенхо;True;59202
delightful wheelbarrow;49.24;947;tools;Вальядолид;True;3550
trendy shovel;90.88;803;tools;Валенсия;True;84802
tasteful pedicure set;79.13;618;cosmetics;Санхенхо;False;89399
AMD Ryzen 5;12350;40;Санкт-Петербург;False;32604
Canon PIXMA;40289;67;Таллин;True;46406
stylish pineapple;24.5;888;fruit;Ташкент;False;88059
elegant perfume;96.63;823;cosmetics;Бишкек;False;48433
refined blackberry;19.16;682;fruit;Овьедо;False;87130
HyperX DDR4 RAM;71124;75;Астана;True;8135
sublime pineapple;95.87;479;fruit;Луго;False;58599
refined bubble bath;72.95;956;cosmetics;Кадакес;True;53750
Canon PIXMA;98675;68;Куэнка;False;10918
amazing cranberry;23.62;584;fruit;Кишинев;False;9073
HyperX DDR4 RAM;93596;69;Валенсия;True;45331
stylish strawberry;93.13;618;fruit;Хихон;True;18496
AMD Ryzen 5;78085;53;Москва;False;17010
stylish eye cream;37.9;540;cosmetics;Любляна;True;97858
gorgeous glue;26.69;810;tools;Бильбао;True;25353
AMD Ryzen 5;48414;71;Алькала-де-Энарес;True;73675
gorgeous bubble bath;91.87;770;cosmetics;Ла-Корунья;True;47270
Corsair HS60;76193;60;Осера;False;70897
tasteful eye cream;82.96;828;cosmetics;Камбадос;False;15190
superb lip balm;64.82;645;cosmetics;Камбадос;False;32161
gorgeous apple;22.19;599;fruit;Эльче;False;77628
gorgeous lotion;75.32;621;cosmetics;Эль-Пуэрто-де-Санта-Мария;False;24642
delightful toothpaste;23.73;785;cosmetics;Ереван;False;7554
amazing baby shampoo;71.18;897;cosmetics;Любляна;True;57236
Corsair HS60;12661;22;Подгорица;True;35521
pleasant baby shampoo;42.13;713;cosmetics;Ташкент;True;48005
delightful moustache wax;90.34;1010;cosmetics;Эль-Пуэрто-де-Санта-Мария;False;55373
tasteful paint;86.76;501;tools;Овьедо;False;98949
amazing paint;58.72;555;tools;Эльче;False;4501
stylish apple;84.4;936;fruit;Алькала-де-Энарес;True;91315
HP LaserJet Pro;18009;33;Сараево;True;34242
HP LaserJet Pro;67205;57;Тудела;True;67096
Logitech Wireless Keyboard;15819;45;Лас-Росас;True;98477
NVIDIA GeForce GTX 1050;59739;67;Санкт-Петербург;False;46187
nice lip balm;22.88;917;cosmetics;Бургос;True;68193
tasteful electrical;18.34;741;tools;Москва;True;8515
EVGA 500B 80+ BRONZE;37302;39;Сараево;True;56826
HyperX DDR4 RAM;96462;65;Прага;True;25351
Epson Expression Home XP;45359;11;Варшава;True;45908
NVIDIA GeForce GTX 1050;30134;30;Любляна;True;96406
Corsair HS60;50631;26;Лас-Росас;True;5214
Intel Core i5;34832;35;Астана;True;62971
magnificent scaffolding;33.16;891;tools;Луарка;True;19791
NVIDIA GeForce GTX 1050;32270;39;Артейхо;False;44964
Corsair HS60;43677;47;Авилес;True;52066
elegant perfume;11.72;737;cosmetics;Скопье;True;65108
stylish wheelbarrow;44.39;940;tools;Семана;False;92874
SteelSeries Arctis 7;42231;32;Бильбао;True;32047
AMD Ryzen 5;36999;50;Валенсия;False;88507
refined papaya;23.49;901;fruit;Астана;False;58955
Epson Expression Home XP;53680;69;Прага;False;26678
amazing orange;78.84;512;fruit;Вильявисиоса;False;55001
sublime exfoliator;90.7;751;cosmetics;Камбадос;True;41022
exquisite raspberry;35.76;795;fruit;Эльче;True;21558
attractive toothpaste;21.15;494;cosmetics;Мадрид;True;87072
EVGA 500B 80+ BRONZE;17805;22;Краков;False;213
pretty toothpaste;81.75;683;cosmetics;Виго;True;11039
delightful peach;20.69;934;fruit;Краков;True;61949
attractive sunscreen;68.56;948;cosmetics;Мурсия;True;63606
luxurious plumbing;64.22;873;tools;Эльче;False;60500
attractive peach;16.08;818;fruit;Рига;True;81395
SteelSeries Arctis 7;16371;76;Виго;False;17743
refined lip balm;35.43;696;cosmetics;Ереван;False;10481
glamorous siding;91.29;967;tools;Виго;True;6238
gorgeous guava;87.81;586;fruit;Гранада;True;17676
WD Blue HDD;65693;68;Самора;True;68144
pretty cherry;25.61;642;fruit;Трухильо;True;12259
exquisite night cream;91.9;901;cosmetics;Вроцлав;True;86935
AMD Ryzen 5;93557;10;Вильявисиоса;False;44179
Intel Core i5;94379;25;Будапешт;False;12974
Samsung 970 EVO SSD;83603;61;Самора;False;47609
beautiful pineapple;65.34;978;fruit;Бильбао;True;91461
glamorous trim;41.58;686;tools;Луго;False;99704
stylish tile;16.09;877;tools;Фигерас;True;7488
beautiful tape measure;32.9;852;tools;Малага;True;78196
sublime blueberry;93.73;734;fruit;Тбилиси;True;14998
gorgeous conditioner;10.69;782;cosmetics;Кадакес;True;16617
elegant serum;10.16;593;cosmetics;Тирана;True;8480
