artist;song;duration_ms;year;tempo;genre;energy;key;loudness
Floetry;Say Yes;268373;2002;117.901;hip hop, pop, R&B;0.398;5;-12.932
Maroon 5;One More Night;219546;2012;92.997;pop;0.821;5;-3.435
Jamie Foxx;Blame It;289746;2008;176.052;hip hop, pop, R&B;0.614;7;-5.426
Shawn Mendes;There's Nothing Holdin' Me Back;199440;2017;121.996;pop;0.8;2;-4.035
Starley;Call on Me - Ryan Riback Remix;222040;2016;105.0;pop, Dance/Electronic;0.838;0;-4.031
Blue;One Love;207186;2002;95.012;pop;0.722;8;-4.039
Shakira;La Tortura (feat. Alejandro Sanz);212893;2005;100.011;pop, latin;0.783;0;-5.367
Lorde;Team;193058;2013;99.961;pop, Dance/Electronic;0.578;6;-7.436
Naughty Boy;La La La;220779;2013;124.988;Dance/Electronic;0.677;6;-4.399
Carly Rae Jepsen;Call Me Maybe;193400;2012;120.021;pop, Dance/Electronic;0.58;7;-6.548
Alicia Keys;You Don't Know My Name;366733;2003;167.078;pop, R&B;0.663;9;-8.264
Amerie;1 Thing;238746;2008;125.085;hip hop, pop, R&B;0.946;10;-4.683
Taylor Swift;...Ready For It?;208186;2017;160.015;pop;0.764;2;-6.509
Drake;Started From the Bottom;174120;2013;86.307;hip hop, pop, R&B;0.523;8;-7.829
David Guetta;Memories (feat. Kid Cudi);210853;2010;129.983;hip hop, pop, Dance/Electronic;0.916;8;-3.932
Calvin Harris;We'll Be Coming Back (feat. Example);234360;2012;127.945;hip hop, pop, Dance/Electronic;0.952;7;-4.364
Frankie J;Don't Wanna Try;245293;2003;130.127;hip hop, pop, R&B;0.433;5;-7.577
David Guetta;Flames;194680;2018;93.95;hip hop, pop, Dance/Electronic;0.649;5;-5.892
Ariana Grande;Into You;244453;2016;107.853;pop;0.734;9;-5.948
Kelly Rowland;Work;207920;2010;102.757;hip hop, pop, R&B;0.823;10;-6.351
Dem Franchize Boyz;Lean Wit It, Rock Wit It;229813;2006;76.035;hip hop, pop;0.62;5;-5.854
Sean Paul;Get Busy;211666;2002;100.202;hip hop, pop;0.824;10;-4.143
Liam Payne;For You (Fifty Shades Freed) (& Rita Ora);245453;2018;113.0;pop;0.787;2;-4.618
September;Cry for You;209800;2007;130.018;pop, Dance/Electronic;0.881;9;-3.988
Shawn Mendes;I Know What You Did Last Summer;223853;2015;113.939;pop;0.761;9;-4.582
Kelly Clarkson;Stronger (What Doesn't Kill You);221946;2011;116.044;pop, R&B;0.939;0;-4.282
Bruno Mars;"Finesse - Remix; feat. Cardi B";217288;2017;105.115;pop;0.859;5;-4.877
Kanye West;Touch The Sky;236600;2005;98.56;hip hop;0.846;9;-4.912
EO;German;170825;2018;103.019;set();0.583;8;-6.26
OPM;Heaven Is a Halfpipe (If I Die);257426;2000;95.9;rock;0.894;8;-6.886
Dizzee Rascal;Holiday;220626;2011;117.985;hip hop, pop, Dance/Electronic;0.918;0;-1.925
Black Eyed Peas;I Gotta Feeling;289133;2009;127.96;hip hop, pop;0.766;0;-6.375
Pitbull;International Love (feat. Chris Brown);227280;2011;120.05;hip hop, pop, latin;0.855;0;-3.035
Ed Sheeran;Perfect;263400;2017;95.05;pop;0.448;8;-6.312
Kelly Clarkson;Behind These Hazel Eyes;198973;2004;90.048;pop, R&B;0.889;9;-4.682
Bruno Mars;Locked out of Heaven;233478;2012;143.994;pop;0.698;5;-4.165
Two Door Cinema Club;What You Know;189693;2010;139.048;World/Traditional, rock, pop;0.753;6;-4.003
JAY-Z;Holy Grail;338413;2013;145.082;hip hop;0.534;2;-6.901
The Pussycat Dolls;Buttons;225560;2005;210.851;pop, R&B;0.817;2;-4.338
Petey Pablo;Freek-A-Leek;235186;2003;104.917;hip hop, pop;0.697;2;-3.716
Clean Bandit;Rockabye (feat. Sean Paul & Anne-Marie);251088;2016;101.965;pop, Dance/Electronic;0.763;9;-4.068
All Time Low;Dear Maria, Count Me In;182826;2007;181.04;rock;0.895;2;-3.126
Marshmello;Spotlight;177600;2018;150.06;pop, Dance/Electronic;0.822;7;-4.483
Madison Avenue;Don't Call Me Baby;228140;1999;124.999;Dance/Electronic;0.982;3;-6.588
Kelly Rowland;Commander;218106;2011;124.638;hip hop, pop, R&B;0.876;11;-3.859
Big Shaq;Man's Not Hot;186026;2017;135.048;pop, Dance/Electronic;0.884;0;-4.076
Sean Paul;She Doesn't Mind;227786;2012;120.015;hip hop, pop;0.776;7;-5.208
Fabolous;Can't Let You Go (feat. Mike Shorey & Lil' Mo);223973;2003;192.082;hip hop, pop, R&B;0.6;9;-6.569
Lupe Fiasco;The Show Goes On;239613;2011;143.067;hip hop, pop;0.889;7;-3.839
Lil Jon;Snap Yo Fingers;274386;2006;82.038;hip hop, pop;0.757;8;-5.029
Kelis;Milkshake;182626;2003;112.968;pop, R&B, Dance/Electronic;0.774;1;-6.068
Avicii;Waiting For Love;230613;2015;127.999;pop, Dance/Electronic;0.736;6;-3.863
Selena Gomez;Kill Em With Kindness;217906;2015;120.012;pop;0.884;10;-5.488
Nelly;Just A Dream;237800;2010;89.917;hip hop, pop, R&B;0.752;1;-6.161
Britney Spears;Lucky;206226;2000;95.026;pop;0.791;8;-5.707
Alex Clare;Too Close;256613;2011;126.027;rock;0.694;11;-4.278
MNEK;Never Forget You;213427;2015;145.992;Dance/Electronic;0.732;11;-5.728
99 Souls;The Girl Is Mine;216613;2016;118.991;Dance/Electronic;0.943;9;-3.6
Jaheim;Put That Woman First;245773;2002;78.935;pop, R&B;0.536;5;-8.804
X Ambassadors;Renegades;195200;2015;90.052;hip hop, rock, pop;0.862;2;-6.003
Boys Like Girls;Love Drunk;226706;2009;150.005;pop;0.976;10;-3.17
Taylor Swift;Wildest Dreams;220440;2014;140.06;pop;0.664;8;-7.417
Billie Eilish;lovely (with Khalid);200185;2018;115.284;pop, Dance/Electronic;0.296;4;-10.109
J Balvin;Mi Gente;189029;2017;104.237;latin;0.701;11;-4.862
Luis Fonsi;Échame La Culpa;173720;2017;95.989;pop, latin;0.892;0;-3.641
Chris Brown;Fine China;213666;2013;104.038;hip hop, pop, R&B;0.735;10;-4.758
KT Tunstall;Black Horse And The Cherry Tree;172373;2005;104.833;World/Traditional, pop, Folk/Acoustic;0.786;4;-7.788
Sean Paul;Like Glue;232506;2002;97.917;hip hop, pop;0.78;1;-5.038
Ed Sheeran;Thinking out Loud;281560;2014;78.998;pop;0.445;2;-6.061
Yolanda Be Cool;We No Speak Americano (JT Radio Edit);157438;2010;124.996;Dance/Electronic;0.805;6;-5.005
Chris Brown;Don't Wake Me Up;222306;2012;127.967;hip hop, pop, R&B;0.691;7;-5.197
Justin Bieber;What Do You Mean?;205680;2015;125.02;pop;0.567;5;-8.118
Lil' Flip;Sunshine (feat. Lea);225173;2004;93.961;hip hop, pop;0.387;0;-9.867
Kanye West;Love Lockdown;270306;2008;119.603;hip hop;0.524;1;-7.67
Twenty One Pilots;Ride;214506;2015;74.989;rock;0.713;6;-5.355
Mark Ronson;Stop Me (feat. Daniel Merriweather);232946;2007;118.035;pop;0.906;0;-4.334
Fat Joe;Make It Rain;247413;2006;149.28;hip hop, pop;0.697;11;-5.063
girl in red;we fell in love in october;184153;2018;129.959;pop, rock, Dance/Electronic;0.366;7;-12.808
Icona Pop;I Love It;156773;2012;125.953;pop, Dance/Electronic;0.901;1;-2.686
Huey;Pop, Lock & Drop It - Video Edit;261026;2006;144.09;hip hop, pop;0.644;11;-6.863
PSY;Gangnam Style (강남스타일);219493;2012;132.067;pop;0.937;11;-2.871
Lil Wayne;Sucker for Pain (with Wiz Khalifa, Imagine Dragons, Logic & Ty Dolla $ign feat. X Ambassadors);243490;2016;169.021;hip hop, pop;0.786;9;-4.378
Edward Maya;Stereo Love - Radio Edit;184573;2010;127.041;pop;0.783;1;-3.896
Nelly;My Place;336506;2004;163.153;hip hop, pop, R&B;0.641;1;-4.237
Zedd;Stay The Night - Featuring Hayley Williams Of Paramore;217346;2014;127.961;hip hop, pop, Dance/Electronic;0.738;8;-3.109
Waka Flocka Flame;No Hands (feat. Roscoe Dash & Wale);263773;2010;131.497;hip hop, pop;0.595;1;-6.366
Plain White T's;Hey There Delilah;232533;2005;103.971;pop;0.291;2;-10.572
B.o.B;Nothin' on You (feat. Bruno Mars);268320;2010;103.993;hip hop, pop;0.853;10;-5.814
Rita Ora;How We Do (Party);247026;2012;116.024;hip hop, pop, Dance/Electronic;0.922;7;-3.94
D12;My Band;298773;2004;120.014;hip hop, pop, rock;0.849;1;-3.383
Justin Bieber;One Time;215866;2009;145.999;pop;0.853;1;-2.528
Ashanti;Foolish;227386;2002;90.119;hip hop, pop, R&B;0.695;0;-5.763
Rihanna;Man Down;267000;2010;155.788;hip hop, pop, R&B;0.904;0;-4.024
Post Malone;Better Now;231266;2018;145.038;hip hop;0.578;10;-5.804
Deorro;Five More Hours;211975;2015;127.961;pop, Dance/Electronic;0.883;5;-3.226
Ja Rule;Always On Time;245133;2001;96.673;hip hop, pop, R&B;0.706;5;-6.104
3 Doors Down;It's Not My Time;241960;2008;127.962;pop, rock, metal;0.934;0;-4.808
Gotye;Somebody That I Used To Know;244884;2011;129.054;set();0.527;0;-6.896
50 Cent;Just A Lil Bit;237706;2005;96.946;hip hop, pop;0.692;1;-6.672
Rascal Flatts;What Hurts The Most;214106;2006;136.002;country;0.674;5;-5.134
One Direction;Perfect;230333;2015;99.933;pop;0.823;2;-5.231
Blueface;Thotiana;129264;2018;104.025;hip hop;0.382;10;-12.89
Christina Aguilera;Come on over Baby (All I Want Is You) - Radio Version;203333;1999;118.903;pop;0.915;8;-3.205
Tove Lo;Habits (Stay High);209160;2014;110.003;pop, Dance/Electronic;0.65;5;-3.539
Lana Del Rey;Summertime Sadness (Lana Del Rey Vs. Cedric Gervais) - Cedric Gervais Remix;214912;2013;126.052;pop;0.81;1;-5.791
Peking Duk;High (feat. Nicole Millar);228000;2014;100.094;Dance/Electronic;0.803;0;-4.052
Ne-Yo;Sexy Love;220853;2006;94.02;pop, R&B;0.516;8;-6.446
P!nk;F**kin' Perfect;213413;2010;91.964;pop;0.671;7;-4.788
The All-American Rejects;Dirty Little Secret;193653;2005;143.853;rock, pop;0.955;10;-4.253
ZAYN;Dusk Till Dawn (feat. Sia) - Radio Edit;239000;2017;180.042;pop, Dance/Electronic;0.437;11;-6.589
Eminem;Crack A Bottle;297520;2009;169.561;hip hop;0.874;9;-2.571
Houston;I Like That;236520;2004;106.997;hip hop, pop;0.502;10;-3.925
Adam Lambert;Whataya Want from Me;227320;2009;185.934;pop;0.672;11;-4.706
Nelly Furtado;Promiscuous;242293;2006;114.328;hip hop, pop, latin;0.97;10;-6.098
Drake;Hotline Bling;267066;2016;134.96;hip hop, pop, R&B;0.62;2;-8.094
The Wanted;Chasing The Sun;198800;2012;128.108;pop, Dance/Electronic;0.732;7;-6.209
Young T & Bugsey;Strike a Pose (feat. Aitch);214203;2019;137.776;hip hop;0.581;1;-5.801
Gesaffelstein;Lost in the Fire (feat. The Weeknd);202093;2019;100.966;Dance/Electronic;0.671;2;-12.21
PARTYNEXTDOOR;Not Nice;202661;2016;128.06;hip hop, pop, R&B;0.496;0;-9.309
Ariana Grande;break up with your girlfriend, i'm bored;190440;2019;169.999;pop;0.554;5;-5.29
Big Sean;I Don't Fuck With You;284386;2015;97.972;hip hop, pop;0.733;1;-5.474
So Solid Crew;21 Seconds;302826;2001;137.03;Dance/Electronic;0.637;1;-11.072
alt-J;Breezeblocks;227080;2012;150.071;rock;0.656;5;-7.298
Nio Garcia;Te Boté - Remix;417920;2018;96.507;latin;0.675;11;-3.445
T.I.;Dead And Gone;299746;2008;135.021;hip hop, pop;0.746;0;-4.99
Sam Smith;Money On My Mind;192670;2014;133.912;pop;0.841;2;-5.217
All Saints;Pure Shores;268746;2000;100.618;pop;0.664;6;-9.197
Kendrick Lamar;DNA.;185946;2017;139.928;hip hop;0.517;0;-6.759
Juice WRLD;Robbery;240050;2019;159.966;hip hop;0.692;2;-5.122
The Weeknd;I Feel It Coming;269186;2016;92.987;pop, R&B;0.819;0;-5.946
Jonas Blue;Fast Car;212424;2015;113.901;pop, Dance/Electronic;0.587;9;-6.983
Rihanna;Pon de Replay;246960;2005;99.019;hip hop, pop, R&B;0.64;7;-8.415
Maroon 5;Maps;189840;2014;120.003;pop;0.723;1;-5.51
50 Cent;Ayo Technology;247946;2007;140.144;hip hop, pop;0.782;8;-5.44
Nelly Furtado;Say It Right;223080;2006;116.948;hip hop, pop, latin;0.872;1;-6.328
Marshmello;One Thing Right;181823;2019;88.042;pop, Dance/Electronic;0.625;4;-2.253
Young Money;BedRock;288133;2009;148.005;hip hop, pop;0.664;8;-6.163
Keyshia Cole;Let It Go;238360;2007;94.955;hip hop, pop, R&B;0.721;1;-5.165
Major Lazer;Cold Water (feat. Justin Bieber & MØ);185351;2016;92.943;hip hop, pop, Dance/Electronic;0.798;6;-5.092
Ciara;Promise;267413;2006;123.279;pop, R&B;0.629;9;-5.757
Mario;Break Up;249026;2009;73.881;pop, R&B;0.517;0;-7.355
Martin Jensen;Solo Dance;174933;2016;114.965;pop, Dance/Electronic;0.836;6;-2.396
Rihanna;Unfaithful;226973;2006;144.069;hip hop, pop, R&B;0.391;0;-8.607
Post Malone;Congratulations;220293;2016;123.146;hip hop;0.804;6;-4.183
Ashley O;On A Roll;154447;2019;125.011;set();0.81;5;-6.354
will.i.am;This Is Love;279026;2013;128.954;hip hop, pop;0.796;0;-3.446
2Pac;Until The End Of Time;266506;2001;96.976;hip hop;0.706;8;-6.665
Black Eyed Peas;Pump It;213066;2005;153.649;hip hop, pop;0.931;1;-3.15
Arctic Monkeys;Why'd You Only Call Me When You're High?;161123;2013;92.004;rock;0.631;2;-6.478
Robbie Williams;Rock DJ;258560;2000;103.035;pop, rock;0.772;7;-4.264
Bow Wow;Bounce With Me (feat. Xscape) - Edited Album Version;175893;2000;72.016;hip hop, pop, R&B;0.75;8;-5.153
Frank Ocean;Lost;234093;2012;123.061;hip hop, pop, R&B;0.603;8;-4.892
Shayne Ward;No Promises;223066;2006;79.798;pop;0.498;4;-6.087
Jeezy;Soul Survivor;280013;2005;84.03;hip hop, pop;0.493;10;-7.728
Drake;Money In The Grave (Drake ft. Rick Ross);205426;2019;100.541;hip hop, pop, R&B;0.502;10;-4.045
Black Eyed Peas;Don't Phunk With My Heart;239773;2005;130.889;hip hop, pop;0.928;5;-2.76
Little Mix;Shout Out to My Ex;246240;2017;126.014;pop;0.747;5;-4.061
Gym Class Heroes;Stereo Hearts (feat. Adam Levine);210960;2011;89.99;hip hop, pop;0.795;9;-3.293
Travis;Sing;228800;2001;163.142;rock, pop;0.905;4;-5.047
Craig David;Don't Love You No More (I'm Sorry);243986;2005;100.113;hip hop, pop, R&B;0.558;7;-7.076
Leona Lewis;A Moment Like This;257293;2007;70.543;pop, R&B;0.562;8;-3.667
DJ Pied Piper & The Masters Of Ceremonies;Do You Really Like It? - Radio Edit;217120;2001;131.044;Dance/Electronic;0.877;2;-5.424
Charlie Puth;We Don't Talk Anymore (feat. Selena Gomez);217706;2016;100.017;pop;0.563;1;-8.053
The Vamps;All Night;197640;2017;144.992;pop;0.804;8;-5.194
Coldplay;Adventure of a Lifetime;263786;2015;111.995;rock, pop;0.924;7;-3.887
Avril Lavigne;Don't Tell Me;202013;2004;144.106;pop;0.795;4;-2.92
Nelly;Air Force Ones;304000;2002;164.062;hip hop, pop, R&B;0.459;4;-9.74
Alesso;Heroes (we could be);209866;2014;125.876;pop, Dance/Electronic;0.754;5;-4.144
Usher;Hey Daddy (Daddy's Home);224093;2010;95.975;hip hop, pop, R&B;0.698;11;-4.262
Brandy;What About Us?;253200;2002;93.118;hip hop, pop, R&B;0.698;5;-2.942
Calvin Harris;I'm Not Alone - Radio Edit;210973;2009;130.99;hip hop, pop, Dance/Electronic;0.684;7;-6.614
The Saturdays;What About Us;220682;2013;123.973;pop, Dance/Electronic;0.68;7;-4.751
Bomfunk MC's;Freestyler;306333;2000;163.826;pop;0.922;11;-5.798
Pretty Ricky;Grind With Me;237733;2005;136.518;hip hop, pop, R&B;0.538;1;-5.952
One Direction;What Makes You Beautiful;199986;2012;124.99;pop;0.787;4;-2.494
Mike Perry;The Ocean (feat. Shy Martin);183414;2016;90.037;pop, Dance/Electronic;0.575;5;-6.478
Duke Dumont;I Got U;285596;2014;120.837;pop, Dance/Electronic;0.761;9;-7.752
Eve;Gangsta Lovin';239266;2002;94.332;hip hop, pop, R&B;0.84;1;-3.523
David Guetta;Bad (feat. Vassy) - Radio Edit;170625;2014;127.966;hip hop, pop, Dance/Electronic;0.972;5;-3.927
Oasis;Go Let It Out;278666;2000;84.192;Folk/Acoustic, rock;0.849;2;-5.631
The Strumbellas;Spirits;203653;2016;80.529;rock, Folk/Acoustic, pop;0.658;0;-6.075
Lloyd;Southside;277840;2004;75.007;hip hop, pop, R&B;0.404;9;-9.481
Bad Bunny;MIA (feat. Drake);210367;2018;97.062;latin;0.539;6;-6.349
Ciara;Oh (feat. Ludacris);256346;2004;128.29;pop, R&B;0.496;7;-7.135
5 Seconds of Summer;She Looks So Perfect;202496;2014;160.025;pop;0.951;9;-4.237
2Pac;Ghetto Gospel;238053;2004;80.569;hip hop;0.614;5;-5.352
French Montana;Unforgettable;233901;2017;97.985;hip hop, pop;0.769;6;-5.043
Justin Bieber;Love Yourself;233720;2015;100.418;pop;0.378;4;-9.828
U2;Sometimes You Can't Make It On Your Own;305080;2004;96.0;World/Traditional, rock;0.597;2;-5.652
Drake;Nonstop;238614;2018;154.983;hip hop, pop, R&B;0.412;7;-8.074
Afroman;Because I Got High;197760;2001;166.01;hip hop;0.341;7;-8.56
Kid Ink;Show Me (feat. Chris Brown);217800;2014;98.098;hip hop, pop;0.508;7;-7.299
Roger Sanchez;Another Chance;452906;2000;127.993;Dance/Electronic;0.82;3;-10.029
Jason Derulo;Ridin' Solo;215746;2010;89.338;hip hop, pop;0.83;9;-4.02
Chris Brown;Gimme That;186826;2005;87.165;hip hop, pop, R&B;0.572;11;-7.033
Alanis Morissette;Hands Clean;269400;2002;99.952;pop, Folk/Acoustic;0.82;7;-5.428
Calvin Harris;Feel So Close - Radio Edit;206413;2012;127.937;hip hop, pop, Dance/Electronic;0.924;7;-2.842
Bruno Mars;The Lazy Song;189109;2010;174.915;pop;0.711;8;-5.124
Robin Schulz;Sugar (feat. Francesco Yates);219043;2015;123.063;pop, Dance/Electronic;0.815;5;-5.098
Pixie Lott;Mama Do (Uh Oh, Uh Oh);196520;2009;119.918;pop, Dance/Electronic;0.873;3;-4.711
Kelis;Bossy;273973;2006;84.021;pop, R&B, Dance/Electronic;0.633;4;-5.316
Trapt;Headstrong;285569;2002;184.981;rock, metal;0.896;4;-5.819
The Chainsmokers;#SELFIE - Original Mix;183750;2014;127.955;pop, Dance/Electronic;0.915;0;-3.263
Coldplay;Every Teardrop Is a Waterfall;240796;2011;117.98;rock, pop;0.732;9;-6.883
Aaliyah;Miss You - Main;245240;2002;109.598;hip hop, pop, R&B;0.34;10;-9.867
Offset;Ric Flair Drip (with Metro Boomin);172800;2017;100.007;hip hop, pop;0.428;9;-8.28
J. Holiday;Suffocate - Superclean;220053;2007;82.82;hip hop, pop, R&B, Dance/Electronic;0.445;9;-8.391
James Blunt;1973;280026;2007;123.007;pop;0.668;9;-7.928
Westlife;My Love;231760;2000;144.142;pop;0.593;0;-5.975
Route 94;My Love (feat. Jess Glynne);259934;2014;119.976;pop, Dance/Electronic;0.622;8;-7.573
Lady Gaga;Bad Romance;294573;2009;119.001;pop;0.921;0;-3.755
Infernal;From Paris to Berlin;209666;2004;126.069;pop;0.869;9;-6.534
Lady Gaga;The Edge Of Glory;320546;2011;127.952;pop;0.768;9;-6.477
Pedro Capó;Calma - Remix;238200;2018;126.899;pop, latin;0.773;11;-4.218
Sisqo;Thong Song;253733;1999;121.549;hip hop, pop, R&B;0.888;2;-6.959
Drake;The Motto;181573;2011;201.8;hip hop, pop, R&B;0.442;1;-8.558
Metro Station;Shake It;179946;2007;150.034;pop, rock;0.955;4;-3.836
Timbaland;If We Ever Meet Again (Featuring Katy Perry);292706;2009;126.091;hip hop, pop, R&B;0.605;8;-7.371
Calvin Harris;How Deep Is Your Love;212640;2015;122.003;hip hop, pop, Dance/Electronic;0.868;11;-4.373
Junior Senior;Move Your Feet;181826;2002;118.877;pop;0.904;9;-2.623
Enrique Iglesias;SUBEME LA RADIO (feat. Descemer Bueno & Zion & Lennox);207680;2017;91.011;pop, latin;0.822;0;-3.304
No Doubt;It's My Life;226053;2003;126.326;rock, pop;0.735;8;-5.074
Five;Let's Dance - Radio Edit;218626;2001;118.007;pop;0.821;4;-7.853
Blue;If You Come Back;207560;2001;78.375;pop;0.707;10;-4.487
Madonna;4 Minutes (feat. Justin Timberlake & Timbaland);189693;2009;113.029;pop;0.931;2;-4.922
Fetty Wap;My Way (feat. Monty);213053;2015;128.077;hip hop, pop;0.741;6;-3.103
Katy Perry;Part Of Me;216160;2012;130.028;pop;0.918;5;-4.63
Flo Rida;Low (feat. T-Pain);231400;2008;128.008;hip hop, pop;0.609;10;-5.64
Selena Gomez;Same Old Love;229080;2015;98.02;pop;0.593;11;-4.01
Armin van Buuren;This Is What It Feels Like;204360;2013;129.885;pop, Dance/Electronic;0.833;8;-5.217
Scissor Sisters;I Don't Feel Like Dancin';288360;2006;108.023;pop, rock, Dance/Electronic;0.923;7;-3.409
Sean Kingston;Eenie Meenie;201946;2010;121.223;hip hop, pop, R&B;0.607;1;-4.168
Hoobastank;The Reason;232800;2003;82.952;pop, rock, metal;0.671;4;-4.649
Tiësto;Red Lights;263890;2013;124.989;pop, Dance/Electronic;0.829;10;-4.783
Ava Max;So Am I;183026;2019;130.089;pop;0.656;6;-4.67
DJ Sammy;Heaven;233600;2002;137.965;pop;0.953;8;-5.601
Echosmith;Cool Kids;237626;2013;130.027;pop;0.671;8;-6.279
Philip George;Wish You Were Mine - Radio Edit;177560;2014;123.002;pop, Dance/Electronic;0.832;7;-4.164
Katy Perry;E.T.;229573;2012;151.684;pop;0.869;1;-5.252
One Direction;One Way or Another (Teenage Kicks);157293;2013;162.131;pop;0.867;4;-3.121
Cheryl;Fight For This Love;223253;2009;122.988;pop, Dance/Electronic;0.741;7;-5.873
The Ting Tings;That's Not My Name;310573;2008;145.042;pop, rock, Dance/Electronic;0.901;9;-3.152
Santana;Into the Night (feat. Chad Kroeger);222440;2007;127.981;rock, blues, latin;0.844;7;-4.678
Ariana Grande;Dangerous Woman;235946;2016;134.052;pop;0.604;7;-5.32
Christina Perri;human;250706;2013;143.808;pop;0.489;8;-6.286
Charlie Puth;Attention;211475;2017;100.041;pop;0.626;3;-4.432
Adele;Set Fire to the Rain;242973;2011;107.995;pop, R&B;0.67;2;-3.882
Chris Brown;Beautiful People;225881;2019;127.898;hip hop, pop, R&B;0.775;5;-6.366
Flo Rida;I Don't Like It, I Love It (feat. Robin Thicke & Verdine White);224258;2015;118.004;hip hop, pop;0.766;9;-4.697
FINNEAS;Let's Fall in Love for the Night;190348;2018;127.921;rock, pop, Dance/Electronic;0.408;5;-7.941
Musiq Soulchild;Love;304666;2000;99.738;pop, R&B;0.385;1;-9.919
Sophie Ellis-Bextor;Murder On The Dancefloor;230013;2002;117.31;pop, Dance/Electronic;0.848;1;-5.285
Shawn Mendes;Mercy;208733;2017;148.127;pop;0.674;4;-4.882
Gabrielle;Rise;219093;2001;144.673;pop, R&B;0.481;8;-9.487
Avril Lavigne;Girlfriend;216600;2007;163.983;pop;0.959;7;-2.433
Maroon 5;Makes Me Wonder;211080;2007;113.996;pop;0.851;7;-2.429
Alien Ant Farm;Smooth Criminal;209266;2001;126.928;rock, metal;0.964;9;-4.261
David Banner;Play;230133;2005;95.027;hip hop, pop;0.658;1;-8.013
One Direction;Drag Me Down;192120;2015;138.113;pop;0.703;0;-5.672
KT Tunstall;Suddenly I See;201706;2005;100.38;World/Traditional, pop, Folk/Acoustic;0.767;0;-5.713
LMC;Take Me To The Clouds Above - LMC Vs. U2 / Radio Edit;171546;2004;128.658;Dance/Electronic;0.905;6;-5.395
Nelly;Hey Porsche;209466;2013;115.995;hip hop, pop, R&B;0.795;9;-4.653
Migos;T-Shirt;242407;2017;139.023;hip hop, pop;0.687;10;-3.744
Twista;Sunshine (feat. Anthony Hamilton);226013;2004;98.523;hip hop, pop, R&B;0.888;11;-5.337
Katy Perry;Dark Horse;215672;2013;131.934;pop;0.585;6;-6.123
Ludacris;Get Back;270746;2004;171.609;hip hop, pop;0.639;1;-5.16
Ariana Grande;Love Me Harder;236133;2014;98.992;pop;0.714;1;-4.389
Sugababes;Hole In The Head;218173;2003;125.011;pop, R&B;0.933;6;-4.629
Ciara;Goodies (feat. Petey Pablo);223000;2004;102.017;pop, R&B;0.647;5;-6.306
Ed Sheeran;Cross Me (feat. Chance the Rapper & PnB Rock);206186;2019;95.005;pop;0.787;4;-6.373
Destiny's Child;Jumpin', Jumpin';230200;1999;88.997;pop, R&B;0.685;1;-4.639
Post Malone;Sunflower - Spider-Man: Into the Spider-Verse;157560;2019;89.96;hip hop;0.522;2;-4.368
Lifehouse;Hanging By A Moment;216360;2000;124.599;pop, rock, metal;0.858;1;-4.903
Alec Benjamin;Let Me Down Slowly;169353;2018;150.073;rock, pop, Dance/Electronic;0.557;1;-5.714
Lauv;i'm so tired...;162582;2019;102.211;pop, Dance/Electronic;0.733;11;-7.058
JAY-Z;Izzo (H.O.V.A.);240626;2001;84.411;hip hop;0.844;1;-4.051
Take That;Rule The World - Radio Edit;237760;2007;164.054;pop;0.774;2;-4.226
Eminem;Just Lose It;248680;2004;121.003;hip hop;0.633;8;-3.56
Jon Bellion;All Time Low;217603;2016;90.246;hip hop, pop;0.567;0;-4.188
Meek Mill;Going Bad (feat. Drake);180522;2018;86.003;hip hop, pop;0.496;4;-6.365
Kygo;Firestone;271640;2016;113.927;pop, Dance/Electronic;0.634;11;-7.374
Train;Drops of Jupiter (Tell Me);259933;2001;79.064;pop;0.638;0;-5.862
Lil Tecca;Ransom;131240;2019;179.974;hip hop;0.642;7;-6.257
Rihanna;Umbrella;275986;2008;174.028;hip hop, pop, R&B;0.829;1;-4.603
Calvin Harris;Acceptable in the 80's;333680;2007;127.99;hip hop, pop, Dance/Electronic;0.808;7;-5.454
Eminem;Love The Way You Lie;263373;2010;86.989;hip hop;0.925;10;-5.034
Blu Cantrell;Hit 'Em Up Style (Oops!);250706;2001;89.976;pop, R&B;0.773;5;-4.983
Taylor Swift;I Knew You Were Trouble.;219720;2012;77.019;pop;0.469;3;-6.798
Anastacia;Sick and Tired;212266;1999;99.848;pop;0.868;0;-4.552
P!nk;"Just Like Fire (From the Original Motion Picture ""Alice Through The Looking Glass"")";215413;2016;162.958;pop;0.702;7;-5.92
Dizzee Rascal;Dance Wiv Me - Radio Edit;204093;2011;111.996;hip hop, pop, Dance/Electronic;0.746;11;-4.281
Kygo;Stole the Show;223186;2016;100.034;pop, Dance/Electronic;0.635;8;-7.565
Fatman Scoop;Be Faithful;164506;2009;101.129;hip hop;0.713;7;-6.488
Alicia Keys;Empire State of Mind (Part II) Broken Down;216480;2009;92.923;pop, R&B;0.368;6;-7.784
My Chemical Romance;Welcome to the Black Parade;311106;2006;96.95;rock;0.905;2;-4.103
Disclosure;White Noise;277687;2013;119.978;pop, Dance/Electronic;0.844;10;-6.164
Bad Meets Evil;Lighters;303813;2011;90.268;hip hop, pop;0.695;0;-8.327
Maroon 5;Payphone;231173;2012;110.015;pop;0.752;4;-4.813
MØ;Final Song;235826;2016;104.988;pop, Dance/Electronic;0.672;1;-6.109
Daft Punk;Lose Yourself to Dance (feat. Pharrell Williams);353893;2013;100.163;hip hop, Dance/Electronic;0.659;10;-7.828
T-Pain;I'm Sprung;231040;2005;99.991;hip hop, pop, R&B;0.329;0;-11.617
Creed;Higher;316733;1999;155.827;pop, rock, metal;0.83;2;-6.254
P!nk;There You Go;202800;2000;107.908;pop;0.847;10;-6.729
Ella Henderson;Ghost;213213;2014;104.975;pop, Dance/Electronic;0.84;9;-3.823
Holly Valance;Kiss Kiss;204400;2002;97.036;pop, Dance/Electronic;0.717;4;-4.944
Katy Perry;Hot N Cold;220226;2008;132.032;pop;0.841;7;-3.956
Selena Gomez;The Heart Wants What It Wants;227360;2014;83.066;pop;0.789;7;-4.874
The Pussycat Dolls;I Hate This Part;218400;2008;111.572;pop, R&B;0.612;5;-4.371
Gym Class Heroes;Cupid's Chokehold / Breakfast in America - Radio Mix;237173;2007;79.702;hip hop, pop;0.681;1;-5.084
Lil Pump;Gucci Gang;124055;2017;119.889;hip hop;0.523;5;-6.71
Ellie Goulding;Lights - Single Version;210853;2010;120.008;pop, rock, Dance/Electronic;0.795;8;-6.17
Meek Mill;All Eyes on You (feat. Chris Brown & Nicki Minaj);223973;2015;77.521;hip hop, pop;0.658;11;-5.288
Brandy;Another Day in Paradise - R&B-Version;271626;2002;102.043;hip hop, pop, R&B;0.787;6;-5.176
Robin Thicke;Blurred Lines;263053;2013;120.0;pop, R&B;0.504;7;-7.707
Christina Aguilera;Fighter;245960;2002;188.899;pop;0.92;4;-1.357
Miley Cyrus;See You Again;190453;2007;138.975;pop;0.911;9;-5.098
Alexandra Burke;Hallelujah;217826;2009;182.571;pop;0.425;2;-6.211
Ariana Grande;7 rings;178626;2019;140.048;pop;0.317;1;-10.732
JAY-Z;Excuse Me Miss;281240;2002;92.849;hip hop;0.862;6;-5.531
Plies;Bust It Baby, Pt. 2 (feat. Ne-Yo);240760;2008;78.946;hip hop, pop, R&B;0.801;5;-7.24
Rihanna;Take A Bow;229413;2008;82.082;hip hop, pop, R&B;0.467;9;-7.536
DJ Fresh;Louder (feat. Sian Evans) - Radio Edit;206776;2012;139.85;pop, Dance/Electronic;0.926;6;-1.131
The Prodigy;Omen;216026;2009;140.002;rock, pop, Dance/Electronic;0.953;7;-5.172
Ryan Cabrera;True;204173;2004;96.938;pop;0.4;6;-10.054
Rizzle Kicks;Down With The Trumpets;186851;2011;115.057;hip hop;0.88;4;-4.689
Juice WRLD;Lucid Dreams;239835;2018;83.903;hip hop;0.566;6;-7.23
Panic! At The Disco;I Write Sins Not Tragedies;185586;2005;169.961;rock;0.815;9;-4.481
Imagine Dragons;Radioactive;186813;2012;136.245;rock;0.784;9;-3.686
Foster The People;Pumped Up Kicks;239600;2011;127.975;rock, pop;0.71;5;-5.849
Camila Cabello;Liar;207038;2019;98.016;pop;0.498;11;-6.684
MARINA;Primadonna;221075;2012;127.98;pop, Dance/Electronic;0.689;4;-2.671
Destiny's Child;Say My Name;271333;1999;138.009;pop, R&B;0.678;5;-3.525
50 Cent;In Da Club;193466;2003;90.051;hip hop, pop;0.713;6;-2.752
Ashlee Simpson;Pieces Of Me;217440;2004;174.001;pop;0.799;2;-4.286
Beyoncé;Sweet Dreams;208066;2008;121.949;pop, R&B;0.825;1;-5.986
Ed Sheeran;"I See Fire - From ""The Hobbit - The Desolation Of Smaug""";300840;2013;152.037;pop;0.0549;10;-20.514
Scooter;The Logical Song;234116;2013;144.043;pop, Dance/Electronic;0.933;6;-6.277
Mark Ronson;Uptown Funk (feat. Bruno Mars);269666;2015;114.988;pop;0.609;0;-7.223
Doja Cat;Juicy;202333;2019;170.037;pop;0.658;0;-2.61
The Veronicas;Untouched;255360;2005;177.008;pop, Dance/Electronic;0.783;6;-4.893
Madonna;American Pie;273533;2000;124.036;pop;0.734;5;-7.48
Kygo;It Ain't Me (with Selena Gomez);220780;2017;99.968;pop, Dance/Electronic;0.533;0;-6.596
Jagged Edge;He Can't Love U;244053;2000;126.279;hip hop, pop, R&B;0.836;8;-3.972
Destiny's Child;Lose My Breath;242013;2004;119.011;pop, R&B;0.899;1;-5.958
Avant;Separated;255600;2000;108.241;pop, R&B;0.48;0;-5.564
Lady Gaga;Just Dance;241933;2008;118.992;pop;0.739;1;-4.541
Becky G;Sin Pijama;188560;2018;94.014;pop, latin;0.745;11;-3.695
Switchfoot;Meant to Live;201373;2003;151.551;rock, pop;0.903;2;-4.577
Lana Del Rey;Ride;289080;2012;93.763;pop;0.686;0;-5.52
The Neighbourhood;Daddy Issues;260173;2015;85.012;rock, pop;0.521;10;-9.461
B Young;Jumanji;173153;2018;95.948;hip hop, Dance/Electronic;0.473;10;-9.86
iann dior;gone girl;136568;2019;94.956;hip hop, pop;0.714;11;-5.637
Lil Dicky;Freaky Friday (feat. Chris Brown);216631;2018;133.123;hip hop, pop;0.599;8;-5.042
Jay Sean;Do You Remember;210306;2009;125.846;hip hop, pop, R&B;0.668;11;-4.892
Alicia Keys;A Woman's Worth;303333;2001;75.09;pop, R&B;0.41;4;-8.323
Lil Nas X;Old Town Road - Remix;157066;2019;136.041;hip hop, pop;0.619;6;-5.56
Tiësto;Wasted;188371;2014;112.028;pop, Dance/Electronic;0.832;2;-5.595
Faith Evans;I Love You;267160;2001;168.004;hip hop, pop, R&B;0.757;11;-4.062
Tyler, The Creator;EARFQUAKE;190066;2019;79.635;hip hop;0.498;9;-8.866
Madonna;Give It 2 Me;287906;2008;127.019;pop;0.954;8;-3.512
Charlie Puth;How Long;200853;2018;109.974;pop;0.561;1;-5.253
Creed;One Last Breath - Radio Version;242000;2015;130.581;pop, rock, metal;0.725;2;-6.094
Gwen Stefani;Rich Girl;236213;2004;98.018;pop, R&B;0.754;7;-2.728
Meghan Trainor;All About That Bass;187920;2015;134.052;pop;0.887;9;-3.726
Beyoncé;Irreplaceable;227853;2007;175.868;pop, R&B;0.694;7;-4.637
Jason Aldean;Big Green Tractor;204200;2009;137.077;country;0.596;4;-5.035
Ultrabeat;Pretty Green Eyes - Radio Edit;201920;2003;139.993;pop, Dance/Electronic;0.775;1;-10.284
Robbie Williams;Candy;201053;2012;116.043;pop, rock;0.791;10;-6.63
Jason Derulo;Whatcha Say;221253;2010;144.036;hip hop, pop;0.711;11;-5.507
Montell Jordan;Get It On Tonite;276266;1999;99.008;hip hop, pop, R&B;0.491;10;-9.923
Ciara;Body Party;234040;2013;133.973;pop, R&B;0.576;2;-6.299
Avicii;Levels - Radio Edit;199906;2011;126.04;pop, Dance/Electronic;0.889;1;-5.941
Sonique;It Feels So Good;240866;2000;135.012;pop;0.677;5;-7.278
Baby Bash;Suga Suga;239026;2003;82.331;hip hop, pop, R&B, latin;0.748;5;-3.041
JAY-Z;Ni**as In Paris;219333;2011;140.022;hip hop;0.858;1;-5.542
DJ Khaled;Wild Thoughts (feat. Rihanna & Bryson Tiller);204173;2017;97.979;hip hop, pop;0.672;0;-3.094
Mike Posner;Cooler Than Me - Single Mix;213293;2010;129.965;hip hop, pop, Dance/Electronic;0.82;7;-4.63
Mariah Carey;Loverboy;229173;2001;103.141;pop, R&B;0.79;1;-4.125
Ed Sheeran;Shape of You;233712;2017;95.977;pop;0.652;1;-3.183
Kendrick Lamar;m.A.A.d city;350120;2012;91.048;hip hop;0.729;2;-6.815
Linkin Park;Faint;162600;2003;135.095;rock, metal;0.978;4;-3.554
Kesha;Die Young;211920;2012;128.001;pop, Dance/Electronic;0.7;1;-4.805
Bon Jovi;It's My Life;224493;2000;119.992;rock, metal;0.913;0;-4.063
benny blanco;Eastside (with Halsey & Khalid);173799;2018;89.391;hip hop, pop;0.68;6;-7.648
Ozuna;Vaina Loca;176133;2018;93.982;latin;0.805;6;-4.249
Ne-Yo;So Sick;207186;2006;92.791;pop, R&B;0.574;6;-8.336
Tim Berg;Seek Bromance - Avicii’s Vocal Edit;203960;2010;126.026;pop, Dance/Electronic;0.837;11;-2.552
Jordin Sparks;Tattoo;233466;2007;168.005;pop, R&B;0.766;2;-5.036
The Rasmus;In the Shadows;257920;2003;105.991;metal;0.796;2;-4.481
ZAYN;"I Don’t Wanna Live Forever (Fifty Shades Darker) - From ""Fifty Shades Darker (Original Motion Picture Soundtrack)""";245200;2016;117.973;pop, Dance/Electronic;0.451;0;-8.374
One Direction;Steal My Girl;228133;2014;77.217;pop;0.768;10;-5.948
Eminem;Sing For The Moment;339546;2002;163.961;hip hop;0.824;5;-4.164
Bruno Mars;Just the Way You Are;220734;2010;109.021;pop;0.841;5;-5.379
*NSYNC;Gone;292000;2001;113.922;pop;0.403;11;-8.564
Mark Ronson;Valerie (feat. Amy Winehouse) - Version Revisited;219413;2007;105.828;pop;0.844;1;-4.789
Justin Timberlake;Suit & Tie (feat. Jay-Z);326280;2013;101.985;pop;0.596;11;-3.799
Kendrick Lamar;Swimming Pools (Drank) - Extended Version;313786;2012;74.132;hip hop;0.485;1;-7.745
Fabolous;Throw It In The Bag;231573;2009;172.049;hip hop, pop, R&B;0.55;11;-7.423
Zay Hilfigerrr;Juju on That Beat (TZ Anthem);144244;2016;160.517;set();0.887;1;-3.892
Adele;Chasing Pavements;210506;2008;80.045;pop, R&B;0.47;5;-6.09
3 Doors Down;Here Without You;238733;2002;143.994;pop, rock, metal;0.533;10;-6.817
Bodyrockers;I Like The Way - Radio Edit;200053;2005;127.988;rock, Dance/Electronic;0.851;6;-3.638
Debelah Morgan;Dance with Me;220106;2000;115.005;pop, R&B;0.674;7;-7.981
Tyrese;How You Gonna Act Like That;294693;2002;112.913;hip hop, pop, R&B;0.521;3;-3.657
Madonna;Sorry;281880;2005;132.971;pop;0.877;0;-6.229
Jay Sean;Down;212106;2009;65.997;hip hop, pop, R&B;0.695;2;-4.493
Outkast;Ms. Jackson;270506;2000;94.948;hip hop, pop;0.806;4;-5.946
Juanes;La Camisa Negra;216706;2004;97.007;pop, latin;0.731;6;-4.419
Danity Kane;Damaged;244266;2008;120.01;pop, R&B;0.653;8;-5.158
Mabel;Mad Love;169813;2019;198.065;pop, Dance/Electronic;0.803;0;-2.974
Jamelia;Superstar;215480;2003;110.01;pop;0.645;1;-6.93
Flume;Never Be Like You;233337;2016;116.838;Dance/Electronic;0.558;0;-5.436
Russ Millions;Keisha & Becky - Remix;252906;2019;140.969;pop;0.471;6;-9.545
Rihanna;Te Amo;208426;2009;171.917;hip hop, pop, R&B;0.707;8;-5.455
Neon Trees;Animal;212306;2010;147.99;rock, pop;0.829;5;-5.576
Christina Aguilera;Ain't No Other Man;228906;2006;127.91;pop;0.742;7;-4.722
Bryson Tiller;Don't;198293;2015;96.991;hip hop, pop, R&B;0.356;11;-5.556
Timbaland;Give It To Me;234026;2007;110.621;hip hop, pop, R&B;0.711;8;-3.904
Missy Elliott;Get Ur Freak On;211120;2001;177.87;hip hop, pop, R&B;0.75;0;-9.369
Big Sean;Bounce Back;222360;2017;81.502;hip hop, pop;0.575;1;-5.628
A$AP Ferg;Plain Jane;173600;2017;170.142;hip hop, pop;0.844;11;-5.482
Adele;Rolling in the Deep;228093;2011;104.948;pop, R&B;0.77;8;-5.114
Katy Perry;Roar;223546;2013;179.984;pop;0.772;7;-4.821
Fall Out Boy;Centuries;228360;2015;176.042;rock;0.858;4;-2.868
Nelly;Hot In Herre;228240;2002;107.075;hip hop, pop, R&B;0.745;11;-4.753
The Shapeshifters;Lola's Theme - Radio Edit;207066;2004;123.925;Dance/Electronic;0.845;5;-4.612
Hinder;Better Than Me;223533;2019;139.913;pop, rock, metal;0.682;2;-5.295
Britney Spears;Piece of Me;212106;2007;115.007;pop;0.638;11;-5.054
Duffy;Mercy;219920;2008;129.911;pop, R&B;0.859;0;-3.774
Destiny's Child;Girl;224146;2004;89.036;pop, R&B;0.747;6;-6.019
Janet Jackson;All For You;329933;2001;113.525;pop, R&B;0.934;2;-3.011
Travis Scott;Antidote;262693;2015;131.05;hip hop, Dance/Electronic;0.526;1;-5.046
Black Eyed Peas;The Time (Dirty Bit);307640;2010;127.979;hip hop, pop;0.813;6;-7.798
Enrique Iglesias;Escape;208626;2001;125.972;pop, latin;0.844;11;-5.305
The Kooks;Naive;203506;2006;100.304;rock;0.808;8;-6.209
Bow Wow;Let Me Hold You (feat. Omarion);248493;2005;151.518;hip hop, pop, R&B;0.662;6;-8.244
Kandi;Don't Think I'm Not;243533;2000;134.007;pop, R&B;0.622;11;-8.196
Black Eyed Peas;Just Can’t Get Enough;219426;2010;94.05;hip hop, pop;0.628;0;-8.685
Lady Gaga;Poker Face;237200;2008;118.999;pop;0.806;4;-4.62
M.I.A.;Paper Planes;205200;2007;172.247;pop, rock;0.848;2;-6.175
Soulja Boy;Kiss Me Thru The Phone;193386;2008;149.998;hip hop, pop;0.712;7;-3.781
Manic Street Preachers;Your Love Alone Is Not Enough (feat. Nina Persson);235693;2007;126.766;rock, pop;0.921;2;-3.049
Alexandra Burke;Bad Boys (feat. Flo Rida);206480;2009;140.029;pop;0.866;1;-3.684
Lil Wayne;Love Me;255053;2013;124.906;hip hop, pop;0.634;11;-6.476
Ray J;Sexy Can I feat. Yung Berg;204040;2008;172.155;hip hop, pop, R&B;0.684;1;-6.007
Britney Spears;Circus;192360;2008;114.98;pop;0.733;6;-5.215
Zedd;I Want You To Know;238800;2015;130.003;hip hop, pop, Dance/Electronic;0.877;9;-2.215
Adele;Rumour Has It;223266;2011;120.052;pop, R&B;0.748;0;-5.014
One Direction;Live While We're Young;200186;2012;126.015;pop;0.837;2;-2.063
Becky G;Shower;206166;2014;119.987;pop, latin;0.529;2;-7.548
Emeli Sandé;Read All About It, Pt. III;283706;2012;98.082;pop, R&B;0.44;2;-7.186
DJ Snake;Taki Taki (with Selena Gomez, Ozuna & Cardi B);212500;2018;95.881;hip hop, pop, Dance/Electronic;0.801;8;-4.167
Nico & Vinz;Am I Wrong;245866;2014;119.968;hip hop, pop;0.675;8;-6.003
Shaggy;It Wasn't Me;227600;2000;94.759;hip hop, pop;0.606;0;-4.596
LL Cool J;Control Myself;233973;2006;120.066;hip hop, pop, R&B;0.876;10;-6.556
Linkin Park;In the End;216880;2000;105.143;rock, metal;0.864;3;-5.87
Truth Hurts;Addictive;226440;2002;99.271;pop, R&B;0.677;11;-6.591
LMFAO;Party Rock Anthem;262146;2011;130.014;hip hop, pop, Dance/Electronic;0.736;5;-4.168
Tinchy Stryder;Number 1;212773;2009;114.912;pop, Dance/Electronic;0.824;0;-3.912
Britney Spears;Work B**ch;247853;2013;128.012;pop;0.816;9;-6.535
Meghan Trainor;Lips Are Movin;182666;2015;139.091;pop;0.825;7;-5.402
Calvin Harris;Under Control (feat. Hurts);184280;2014;126.094;hip hop, pop, Dance/Electronic;0.915;8;-3.405
James Blunt;You're Beautiful;209493;2005;81.998;pop;0.479;0;-9.87
David Guetta;Titanium (feat. Sia);245040;2012;126.062;hip hop, pop, Dance/Electronic;0.787;0;-3.674
T2;Heartbroken - Edit;178613;2017;139.986;Dance/Electronic;0.757;11;-5.438
Diddy - Dirty Money;Coming Home;238693;2010;168.001;hip hop, pop, R&B;0.839;7;-1.921
Nina Sky;Move Ya Body;232000;2004;121.057;pop, R&B;0.712;11;-6.313
Beyoncé;Crazy In Love (feat. Jay-Z);236133;2003;99.165;pop, R&B;0.77;2;-6.596
Sugababes;Freak Like Me;195866;2002;91.868;pop, R&B;0.919;5;-3.451
Ciara;Love Sex Magic (feat. Justin Timberlake);220426;2009;107.011;pop, R&B;0.666;10;-5.089
P!nk;Don't Let Me Get Me - Radio Edit;210693;2001;98.525;pop;0.85;0;-4.754
Outkast;The Whole World (feat. Killer Mike);295346;2001;184.682;hip hop, pop;0.852;2;-6.176
Default;Wasting My Time;268693;2001;147.973;rock, pop, metal;0.769;2;-5.529
Unk;Walk It Out;173040;2013;160.022;hip hop, pop;0.777;1;-3.696
Joe;Stutter (feat. Mystikal) - Double Take Remix;213026;2000;89.989;pop, R&B;0.759;6;-6.516
Musiq Soulchild;Halfcrazy;254493;2002;101.955;pop, R&B;0.77;11;-6.057
Vance Joy;Riptide;204280;2014;101.654;rock, pop;0.731;1;-6.694
M.O;Bad Vibe;214253;2018;110.009;pop, Dance/Electronic;0.701;10;-4.428
David Guetta;Who's That Chick? (feat. Rihanna);201040;2010;127.938;hip hop, pop, Dance/Electronic;0.602;11;-4.733
Ying Yang Twins;Salt Shaker;252440;2003;101.965;hip hop, pop;0.697;11;-6.022
Taylor Swift;Shake It Off;219200;2014;160.078;pop;0.8;7;-5.384
Shinedown;Second Chance;222066;2008;100.011;rock, metal;0.796;0;-4.501
Fall Out Boy;Dance, Dance;180266;2005;114.452;rock;0.961;11;-3.198
Alessia Cara;Here;199453;2015;120.892;pop, R&B;0.799;0;-4.031
LL Cool J;Headsprung;267320;2004;99.916;hip hop, pop, R&B;0.786;0;-5.76
JAY-Z;03' Bonnie & Clyde;205560;2002;89.64;hip hop;0.678;9;-5.148
The Game;How We Do;235533;2005;98.012;hip hop, pop;0.648;4;-7.401
Mariah Carey;We Belong Together;201400;2005;139.987;pop, R&B;0.476;0;-7.918
Jagged Edge;Where the Party At (feat. Nelly);232573;2001;129.491;hip hop, pop, R&B;0.661;5;-6.239
Backstreet Boys;Shape of My Heart;230093;2000;96.102;pop;0.786;9;-4.353
Kesha;Your Love Is My Drug;187133;2010;120.057;pop, Dance/Electronic;0.612;1;-3.891
Carrie Underwood;Before He Cheats;199946;2005;147.905;pop, country;0.749;6;-3.318
Jessie J;Do It Like A Dude;195240;2011;140.036;hip hop, pop;0.843;2;-3.672
Lil Wayne;Got Money;244626;2008;82.48;hip hop, pop;0.661;7;-4.847
Owl City;Fireflies;228346;2009;180.114;rock, pop;0.662;3;-6.797
Avril Lavigne;Complicated;244506;2002;77.987;pop;0.776;5;-5.898
Snoop Dogg;Young, Wild & Free (feat. Bruno Mars);207333;2011;95.078;hip hop, pop;0.655;0;-6.425
Trillville;Some Cut;283454;2004;84.995;hip hop, pop;0.515;1;-6.626
Nickelback;Photograph;258920;2005;145.916;rock, metal;0.876;8;-3.756
Years & Years;Shine;255506;2015;108.002;pop, Dance/Electronic;0.716;1;-5.21
Brandy;Full Moon;248933;2002;105.922;hip hop, pop, R&B;0.654;10;-4.823
Playboi Carti;Magnolia;181812;2017;162.991;hip hop;0.582;11;-7.323
Sak Noel;Loca People - Radio Edit;215624;2011;127.998;Dance/Electronic;0.808;11;-3.148
Simply Red;Sunrise;199040;2008;105.987;rock, R&B, Folk/Acoustic, pop;0.733;5;-5.123
Franz Ferdinand;Do You Want To;215000;2005;123.091;rock;0.944;0;-2.896
DJ Snake;You Know You Like It;247266;2014;196.093;hip hop, pop, Dance/Electronic;0.725;5;-5.346
Jimmy Eat World;The Middle;165853;2001;162.152;rock, pop;0.849;2;-5.428
Wiley;Boasty (feat. Idris Elba);177185;2019;102.958;hip hop, Dance/Electronic;0.765;2;-5.207
Soulja Boy;Crank That (Soulja Boy);221933;2007;140.141;hip hop, pop;0.74;0;-2.18
Rudimental;Feel the Love (feat. John Newman);245186;2013;179.911;pop, Dance/Electronic;0.706;1;-6.849
Drake;Over;233560;2010;100.093;hip hop, pop, R&B;0.848;7;-5.611
Crazy Frog;Axel F;168879;2005;138.045;pop;0.907;2;-3.321
JUVENILE;Slow Motion;248200;2003;172.872;hip hop, pop;0.734;0;-4.894
The Chainsmokers;Roses;226738;2015;100.001;pop, Dance/Electronic;0.802;4;-7.055
Faith Hill;There You'll Be;222120;2001;128.98;pop, country;0.511;8;-7.77
Bubba Sparxxx;Ms. New Booty;252653;2005;129.37;hip hop, pop, country;0.62;1;-5.931
Trey Songz;Say Aah (feat. Fabolous);207546;2009;93.01;hip hop, pop, R&B;0.87;1;-3.614
2 Chainz;It's A Vibe;210200;2017;73.003;hip hop, pop;0.502;7;-7.38
Lady Gaga;Born This Way;260253;2011;123.907;pop;0.828;11;-5.108
Gwen Stefani;Cool;189333;2004;112.019;pop, R&B;0.721;2;-3.52
Kendrick Lamar;LOVE. FEAT. ZACARI.;213400;2017;126.058;hip hop;0.585;10;-7.343
Ashanti;Baby;265706;2002;157.596;hip hop, pop, R&B;0.58;4;-5.757
Da Brat;What'chu Like (feat. Tyrese);221160;2000;99.974;hip hop, pop, R&B;0.681;10;-8.951
Destiny's Child;Independent Women, Pt. 1;221133;2001;97.954;pop, R&B;0.602;6;-3.782
Imagine Dragons;Believer;204346;2017;124.982;rock;0.787;10;-4.305
David Guetta;Lovers on the Sun (feat. Sam Martin);203520;2014;124.915;hip hop, pop, Dance/Electronic;0.891;6;-2.505
Sech;Otro Trago;225933;2019;176.044;latin;0.7;0;-4.669
Sisqo;Incomplete;274226;1999;119.311;hip hop, pop, R&B;0.443;1;-7.693
Eminem;We Made You;269613;2009;114.003;hip hop;0.853;2;-1.203
Kardinal Offishall;Dangerous;246053;2008;117.002;hip hop, pop, R&B;0.79;8;-5.957
Marshmello;Happier;214289;2018;100.015;pop, Dance/Electronic;0.792;5;-2.749
Britney Spears;Me Against the Music (feat. Madonna) - LP Version / Video Mix;223773;2003;120.046;pop;0.836;6;-6.635
Sean Paul;No Lie;221176;2018;102.04;hip hop, pop;0.882;7;-2.862
Ella Mai;Trip;213993;2018;79.882;hip hop, pop, R&B;0.61;11;-5.628
Chip;Champion (feat. Chris Brown);237293;2011;190.151;hip hop, Dance/Electronic;0.934;6;-2.914
Yo Gotti;Rake It Up (feat. Nicki Minaj);276333;2017;149.953;hip hop, pop;0.444;1;-8.126
Mariah Carey;Against All Odds (Take A Look at Me Now) (feat. Westlife);199480;2011;117.338;pop, R&B;0.514;1;-5.599
Hugh Jackman;The Greatest Show;302146;2017;157.92;easy listening;0.824;11;-7.36
Puddle Of Mudd;Blurry;303920;2001;157.469;rock, metal;0.936;3;-4.537
Bingo Players;Get Up (Rattle) - Vocal Edit;166933;2013;127.99;pop, Dance/Electronic;0.985;7;-2.69
Mario Winans;I Don't Wanna Know (feat. Enya & P. Diddy) - 2016 Remaster;257333;2016;97.007;pop;0.515;11;-5.0
Clean Bandit;Solo (feat. Demi Lovato);222653;2018;105.005;pop, Dance/Electronic;0.636;11;-4.546
Michel Teló;Ai Se Eu Te Pego - Live;166866;2012;96.055;country, latin;0.935;11;-4.55
Bow Wow;Outta My System (feat. T-Pain & Johntá Austin);238266;2006;83.998;hip hop, pop, R&B;0.59;6;-6.957
James Blunt;Bonfire Heart;238000;2013;118.021;pop;0.821;0;-5.7
Jessie J;Bang Bang;199386;2014;150.028;hip hop, pop;0.786;0;-3.417
Polo G;Pop Out (feat. Lil Tjay);166560;2019;168.112;hip hop;0.639;1;-7.119
No Doubt;Underneath It All;302720;2001;138.202;rock, pop;0.731;4;-4.822
Alicia Keys;No One;253813;2007;90.04;pop, R&B;0.549;1;-5.415
Lupe Fiasco;Superstar (feat. Matthew Santos);289000;2007;94.812;hip hop, pop;0.822;11;-6.015
Daddy Yankee;Gasolina;192600;2004;96.009;latin;0.801;0;-6.499
Papa Roach;Scars;208199;2004;89.782;rock, metal;0.929;11;-3.295
Outkast;The Way You Move (feat. Sleepy Brown);234000;2003;125.999;hip hop, pop;0.597;5;-4.932
The Lumineers;Ophelia;160097;2016;76.026;pop, Folk/Acoustic;0.576;5;-6.429
G-Eazy;No Limit;245386;2017;175.957;hip hop, pop;0.771;1;-3.791
Robyn;With Every Heartbeat;254920;2005;120.872;pop, Dance/Electronic;0.865;4;-4.462
Sia;Cheap Thrills (feat. Sean Paul);224813;2016;89.972;pop;0.8;6;-4.931
Miley Cyrus;We Can't Stop;231240;2013;80.003;pop;0.622;1;-5.794
Foo Fighters;The Pretender;269373;2007;172.984;rock, metal;0.959;9;-4.04
Sean Kingston;Take You There;236693;2008;115.033;hip hop, pop, R&B;0.921;5;-4.321
Avicii;SOS (feat. Aloe Blacc);157202;2019;100.001;pop, Dance/Electronic;0.645;5;-6.181
Eminem;The Real Slim Shady;284200;2000;104.504;hip hop;0.661;5;-4.244
Rudimental;Waiting All Night (feat. Ella Eyre);292586;2013;174.983;pop, Dance/Electronic;0.728;6;-5.358
Nick Jonas;Jealous - Remix;222213;2014;93.047;pop;0.709;11;-3.578
Red Hot Chili Peppers;Otherside;255373;1999;123.229;rock;0.795;0;-3.265
Bruno Mars;Talking to the Moon;217866;2010;145.867;pop;0.59;1;-4.721
Kendrick Lamar;All The Stars (with SZA);232186;2018;96.924;hip hop;0.633;8;-4.946
Alesso;Years - ラジオ・エディット;195480;2012;128.008;pop, Dance/Electronic;0.823;2;-6.245
Gnarls Barkley;Crazy;177466;2006;111.97;hip hop, R&B;0.587;8;-4.589
Tove Lo;Cool Girl;197815;2016;101.983;pop, Dance/Electronic;0.71;9;-7.042
Skrillex;Bangarang (feat. Sirah);215253;2011;110.026;hip hop, pop, Dance/Electronic;0.972;7;-2.302
Cardi B;Bodak Yellow;223712;2018;125.022;hip hop, pop;0.703;11;-6.337
Stormzy;Vossi Bop;196266;2019;188.115;hip hop, Dance/Electronic;0.653;8;-6.062
Taylor Swift;Look What You Made Me Do;211853;2017;128.07;pop;0.709;9;-6.471
Red Hot Chili Peppers;Snow (Hey Oh);334666;2006;104.655;rock;0.9;11;-3.674
Linkin Park;Bleed It Out;166373;2007;140.127;rock, metal;0.967;1;-3.647
Seether;Fake It;193893;2007;132.078;rock, metal;0.95;8;-3.509
Avril Lavigne;My Happy Ending;242413;2004;170.229;pop;0.936;2;-2.407
Ariana Grande;God is a woman;197546;2018;145.031;pop;0.658;1;-5.934
Blue;Sorry Seems To Be The Hardest Word;210066;2004;78.955;pop;0.6;7;-6.814
Lil Jon & The East Side Boyz;Get Low;324600;2002;101.043;hip hop, pop;0.604;1;-8.019
OneRepublic;Secrets;224693;2009;148.021;pop;0.764;2;-6.223
Dido;White Flag;240040;2003;169.951;pop;0.525;5;-6.823
Post Malone;Psycho (feat. Ty Dolla $ign);221440;2018;140.06;hip hop;0.56;8;-8.094
Swedish House Mafia;Miami 2 Ibiza - Swedish House Mafia vs. Tinie Tempah;206460;2010;125.03;pop, Dance/Electronic;0.929;7;-5.89
Rag'n'Bone Man;Skin;239626;2017;170.661;R&B;0.745;0;-7.733
Atomic Kitten;Whole Again;185013;2001;94.019;pop;0.706;4;-4.653
Nickelback;Rockstar;252040;2005;144.072;rock, metal;0.91;0;-3.004
Eminem;Ass Like That;265480;2004;83.093;hip hop;0.796;2;-6.152
Beyoncé;Sorry;232560;2016;129.988;pop, R&B;0.598;2;-7.274
Ne-Yo;Closer;234360;2008;126.027;pop, R&B;0.745;4;-6.437
Jennifer Lopez;Dance Again;237266;2012;127.974;hip hop, pop, R&B;0.867;11;-5.242
Evanescence;My Immortal;262533;2003;79.012;metal;0.265;9;-9.206
Rihanna;We Found Love;215226;2011;127.985;hip hop, pop, R&B;0.766;1;-4.485
Zara Larsson;Ain't My Fault;224030;2017;141.153;pop, Dance/Electronic;0.782;6;-4.825
Drake;Best I Ever Had;258760;2010;162.161;hip hop, pop, R&B;0.894;5;-2.673
The Calling;Wherever You Will Go;208600;2001;112.027;pop;0.719;2;-5.113
Destiny's Child;Survivor;254026;2001;161.109;pop, R&B;0.911;1;-2.027
will.i.am;#thatPOWER;279506;2013;127.999;hip hop, pop;0.608;6;-6.096
Rihanna;Work;219320;2016;91.974;hip hop, pop, R&B;0.534;11;-6.238
T-Pain;Can't Believe It (feat. Lil' Wayne);273826;2008;89.828;hip hop, pop, R&B;0.516;10;-8.869
Maroon 5;Daylight;225066;2012;120.001;pop;0.674;7;-5.473
Scouting For Girls;This Ain't a Love Song;210680;2017;176.667;pop, rock;0.905;0;-4.157
Alicia Keys;Karma;256000;2003;85.098;pop, R&B;0.736;10;-6.203
Avicii;I Could Be The One (Avicii Vs. Nicky Romero) - Radio Edit;208316;2012;127.946;pop, Dance/Electronic;0.79;6;-3.782
Céline Dion;That's the Way It Is;241373;1999;93.04;pop;0.886;9;-5.424
Lana Del Rey;Born To Die;286253;2012;75.223;pop;0.636;4;-6.591
A Boogie Wit da Hoodie;Look Back at It;179449;2018;96.057;hip hop;0.587;3;-5.075
Hot Chelle Rae;Tonight Tonight;200466;2011;99.978;hip hop, pop, rock;0.783;4;-4.977
Klaxons;Golden Skans;165120;2007;141.955;rock;0.836;2;-2.776
Sugababes;Push The Button;218093;2005;126.016;pop, R&B;0.66;8;-5.096
Birdy;Let It All Go;280757;2015;107.005;pop;0.43;10;-8.644
Olly Murs;Dear Darlin';206373;2012;124.021;pop, Dance/Electronic;0.828;11;-4.672
Britney Spears;Till the World Ends;237946;2011;131.951;pop;0.705;8;-5.747
Marshmello;Alone;273802;2016;141.99;pop, Dance/Electronic;0.953;2;-3.739
Coldplay;Princess of China;239215;2011;85.014;rock, pop;0.69;9;-6.221
Missy Elliott;One Minute Man (feat. Ludacris);252986;2001;93.839;hip hop, pop, R&B;0.669;9;-8.419
P!nk;So What;215160;2008;126.019;pop;0.87;11;-3.078
DJ Khaled;No Brainer;260000;2018;135.702;hip hop, pop;0.76;0;-4.706
Jeremih;oui;238320;2015;78.521;hip hop, pop, R&B;0.724;5;-3.724
Drake;Find Your Love;208946;2010;96.033;hip hop, pop, R&B;0.613;6;-6.005
Faith Hill;Breathe;250546;1999;136.859;pop, country;0.496;7;-9.007
Professor Green;Read All About It;235735;2011;100.963;Dance/Electronic;0.752;11;-5.522
Thirty Seconds To Mars;The Kill;231533;2005;182.99;rock;0.912;4;-3.881
Sigala;Easy Love;229813;2018;123.976;pop, Dance/Electronic;0.942;9;-4.208
Katy Perry;I Kissed A Girl;179640;2008;129.996;pop;0.76;5;-3.173
Macklemore & Ryan Lewis;Can't Hold Us (feat. Ray Dalton);258342;2012;146.078;hip hop, pop;0.922;2;-4.457
Tones And I;Dance Monkey;209438;2019;98.027;pop;0.588;6;-6.4
Kasabian;Fire;252279;2009;117.029;rock;0.742;10;-5.643
Eminem;Stan;404106;2000;80.063;hip hop;0.768;6;-4.325
*NSYNC;It's Gonna Be Me;191040;2000;165.09;pop;0.874;0;-4.666
Avicii;The Nights;176658;2014;125.983;pop, Dance/Electronic;0.835;6;-5.298
Martin Garrix;In the Name of Love;195706;2016;133.99;pop, Dance/Electronic;0.519;4;-5.88
Selena Gomez;Fetish (feat. Gucci Mane);186112;2017;123.013;pop;0.618;2;-4.424
MIKA;Grace Kelly;187733;2006;122.229;pop;0.828;0;-5.799
Akon;Bananza (Belly Dancer);238493;2004;104.838;pop;0.699;10;-5.897
T-Pain;I'm N Luv (Wit a Stripper) (feat. Mike Jones);265333;2005;145.171;hip hop, pop, R&B;0.368;8;-10.38
Linkin Park;In the End;216880;2000;105.143;rock, metal;0.864;3;-5.87
t.A.T.u.;All The Things She Said;214440;2020;179.92;pop;0.834;5;-5.767
Eminem;Like Toy Soldiers;296880;2004;79.178;hip hop;0.768;8;-3.489
Zara Larsson;Never Forget You;213427;2017;145.992;pop, Dance/Electronic;0.732;11;-5.728
Billie Eilish;bad guy;194087;2019;135.128;pop, Dance/Electronic;0.425;7;-10.965
Maroon 5;Girls Like You (feat. Cardi B) - Cardi B Version;235545;2018;124.959;pop;0.541;0;-6.825
Jax Jones;Breathe;207629;2017;125.985;hip hop, pop, Dance/Electronic;0.744;11;-5.52
Chad Kroeger;Hero (feat. Josey Scott);200480;2003;147.387;metal;0.843;4;-4.54
Tyga;Faded;206666;2012;95.073;hip hop, pop;0.667;1;-8.438
JAY-Z;Numb / Encore;205733;2004;107.045;hip hop;0.793;2;-4.254
AJ Tracey;Ladbroke Grove;190537;2019;133.986;hip hop, Dance/Electronic;0.839;11;-9.447
Rag'n'Bone Man;Human;200186;2017;75.087;R&B;0.707;9;-4.097
Nickelback;Far Away;238173;2005;132.918;rock, metal;0.797;6;-5.153
Mary Mary;Shackles (Praise You);198346;2000;100.46;R&B;0.834;7;-2.773
Girls Aloud;Something Kinda Ooooh;201590;2012;131.925;pop, Dance/Electronic;0.908;11;-3.918
Steve Aoki;Just Hold On;198774;2016;114.991;hip hop, pop, Dance/Electronic;0.932;11;-3.515
Azealia Banks;212;204956;2014;126.017;hip hop, pop, R&B;0.769;11;-5.761
Bruno Mars;Locked out of Heaven;233478;2012;143.994;pop;0.698;5;-4.165
Drake;Take Care;277386;2011;121.845;hip hop, pop, R&B;0.515;0;-10.358
3OH!3;My First Kiss (feat. Ke$ha);192440;2010;138.021;hip hop, pop, rock;0.889;0;-4.166
The Pussycat Dolls;Don't Cha;272080;2005;120.003;pop, R&B;0.631;1;-3.475
Kelly Rowland;Motivation;230560;2011;140.889;hip hop, pop, R&B;0.672;9;-5.589
Kesha;We R Who We R;204760;2010;119.95;pop, Dance/Electronic;0.817;8;-4.9
XXXTENTACION;changes;121886;2018;64.934;hip hop;0.308;11;-10.068
Waka Flocka Flame;No Hands (feat. Roscoe Dash & Wale);263773;2010;131.497;hip hop, pop;0.595;1;-6.366
A$AP Rocky;F**kin' Problems (feat. Drake, 2 Chainz & Kendrick Lamar);233786;2013;95.967;hip hop;0.693;1;-6.87
Katy Perry;Wide Awake;220946;2012;159.814;pop;0.683;5;-5.099
Eminem;Berzerk;238746;2013;95.084;hip hop;0.872;11;-4.059
Guru Josh Project;Infinity 2008;190013;2011;127.999;hip hop;0.849;7;-6.139
Twista;Overnight Celebrity;233360;2004;134.199;hip hop, pop, R&B;0.792;10;-5.435
Ed Sheeran;Sing;235382;2014;119.988;pop;0.67;8;-4.451
Meck;Thunder in My Heart Again (Radio Edit);189800;2005;129.016;set();0.922;2;-4.67
Las Ketchup;The Ketchup Song (Aserejé) - Spanglish Version;213973;2002;184.819;set();0.923;1;-6.777
Ylvis;The Fox (What Does the Fox Say?);213708;2013;128.008;hip hop;0.867;6;-4.292
Banx & Ranx;Answerphone (feat. Yxng Bane);190920;2018;113.021;Dance/Electronic;0.834;1;-3.928
Martin Garrix;Scared to Be Lonely;220883;2017;137.972;pop, Dance/Electronic;0.54;1;-7.786
Mr. Probz;Waves - Robin Schulz Radio Edit;208133;2014;119.993;hip hop, Dance/Electronic;0.51;5;-9.334
Beyoncé;If I Were a Boy;249146;2008;90.007;pop, R&B;0.518;6;-6.126
Iggy Azalea;Fancy;199938;2014;94.981;hip hop, pop;0.716;10;-4.141
Muse;Supermassive Black Hole;212439;2006;120.0;rock;0.921;7;-3.727
DJ Snake;Let Me Love You;205946;2016;99.988;hip hop, pop, Dance/Electronic;0.716;8;-5.371
Bruno Mars;When I Was Your Man;213826;2012;72.795;pop;0.28;0;-8.648
David Guetta;Hey Mama (feat. Nicki Minaj, Bebe Rexha & Afrojack);192560;2014;85.979;hip hop, pop, Dance/Electronic;0.73;9;-4.091
Aaliyah;More Than A Woman;230346;2002;86.994;hip hop, pop, R&B;0.638;11;-5.803
Selena Gomez;Wolves;197993;2017;124.987;pop;0.804;11;-4.614
Gareth Gates;Unchained Melody;233666;2003;106.52;pop;0.426;10;-8.049
Gorillaz;Feel Good Inc.;222640;2005;138.559;hip hop;0.705;6;-6.679
Example;Kickstarts;181826;2010;126.056;pop, Dance/Electronic;0.836;5;-4.455
Maroon 5;Sugar;235493;2014;120.042;pop;0.783;1;-7.077
fun.;We Are Young (feat. Janelle Monáe);250626;2012;184.086;rock, pop;0.638;10;-5.576
One Direction;Best Song Ever;200106;2013;118.491;pop;0.877;1;-2.986
The Wanted;Glad You Came;197935;2011;126.885;pop, Dance/Electronic;0.851;7;-3.873
Kelly Clarkson;Miss Independent;214773;2003;175.943;pop, R&B;0.615;11;-6.359
Drake;In My Feelings;217925;2018;91.03;hip hop, pop, R&B;0.626;1;-5.833
Jason Derulo;Talk Dirty (feat. 2 Chainz);177685;2013;100.315;hip hop, pop;0.652;6;-7.321
Jeremih;Down On Me;228453;2010;160.041;hip hop, pop, R&B;0.598;2;-7.783
Owl City;Good Time;205933;2012;126.05;rock, pop;0.872;3;-4.269
Jennifer Lopez;Ain't It Funny;246160;2001;99.825;hip hop, pop, R&B;0.869;5;-4.525
JAY-Z;Young Forever;253906;2009;140.329;hip hop;0.69;9;-3.214
Justin Bieber;Boyfriend;171333;2012;96.979;pop;0.55;10;-6.019
Madonna;Die Another Day;276360;2003;123.993;pop;0.797;0;-5.166
Natalie La Rose;Somebody;189906;2014;104.99;set();0.52;0;-8.714
Coldplay;Viva La Vida;242373;2008;138.015;rock, pop;0.617;5;-7.115
Linkin Park;New Divide;268613;2009;117.971;rock, metal;0.808;5;-3.365
Christina Aguilera;Dirrty (feat. Redman);298853;2002;99.931;pop;0.889;2;-3.073
Room 5;Make Luv;212413;2003;124.814;Dance/Electronic;0.887;1;-4.92
Saweetie;My Type;126446;2019;105.038;hip hop, pop, R&B;0.811;2;-6.294
Drake;I'm Upset;214466;2018;150.002;hip hop, pop, R&B;0.586;11;-7.866
Calvin Harris;Bounce (feat. Kelis) - Radio Edit;222186;2012;127.941;hip hop, pop, Dance/Electronic;0.963;2;-2.125
Fergie;Fergalicious;292373;2006;129.055;pop, R&B;0.584;8;-7.72
Britney Spears;My Prerogative;213893;2004;111.014;pop;0.938;10;-4.423
Twenty One Pilots;Heathens;195920;2016;90.024;rock;0.396;4;-9.348
Mariah Carey;Obsessed;242200;2009;86.443;pop, R&B;0.468;10;-5.557
Rihanna;Don't Stop The Music;267080;2008;122.668;hip hop, pop, R&B;0.669;6;-5.582
Plies;Shawty (feat. T Pain);255413;2007;105.412;hip hop, pop, R&B;0.708;4;-5.926
Black Eyed Peas;Shut Up;296186;2003;112.968;hip hop, pop;0.714;2;-3.966
Regard;Ride It;157605;2019;117.948;pop, Dance/Electronic;0.751;7;-4.258
Wiley;Wearing My Rolex - Radio Edit;170480;2008;131.942;hip hop, Dance/Electronic;0.716;1;-6.884
Charlie Puth;Dangerously;199133;2016;112.291;pop;0.517;2;-8.379
Drake;Hold On, We're Going Home;227880;2013;99.993;hip hop, pop, R&B;0.414;6;-7.436
Mary J. Blige;Be Without You - Kendu Mix;246333;2005;146.559;pop, R&B;0.7;2;-5.881
DEV;In The Dark;226226;2012;124.954;pop, Dance/Electronic;0.824;8;-4.231
Daft Punk;One More Time;320357;2001;122.746;hip hop, Dance/Electronic;0.697;2;-8.618
Agnes;Release Me;256213;2009;127.973;pop, Dance/Electronic;0.923;2;-3.124
Maluma;Corazón (feat. Nego do Borel);184720;2018;198.075;latin;0.738;9;-6.073
Pharrell Williams;"Happy - From ""Despicable Me 2""";232720;2014;160.019;hip hop, pop;0.822;5;-4.662
Kelly Clarkson;Since U Been Gone;188960;2004;130.999;pop, R&B;0.739;9;-5.354
Red Hot Chili Peppers;By the Way;216933;2002;122.444;rock;0.97;0;-4.938
OneRepublic;Counting Stars;257386;2014;122.014;pop;0.705;1;-4.972
Zara Larsson;I Would Like;226720;2017;121.028;pop, Dance/Electronic;0.713;2;-3.949
JoJo;Too Little Too Late;223680;2006;83.001;hip hop, pop, R&B;0.823;6;-5.338
Kevin Rudolf;Let It Rock;231173;2008;113.172;hip hop, pop;0.783;7;-4.41
Jason Derulo;Whatcha Say;221253;2010;144.036;hip hop, pop;0.711;11;-5.507
Fergie;Glamorous;246600;2006;130.993;pop, R&B;0.757;0;-6.447
Rixton;Me And My Broken Heart;193733;2014;174.084;pop;0.783;5;-4.261
Macklemore;Glorious (feat. Skylar Grey);220454;2017;139.994;hip hop, pop;0.794;0;-5.126
Black Eyed Peas;Where Is The Love?;272533;2003;94.059;hip hop, pop;0.687;5;-3.18
Chris Brown;Loyal (feat. Lil Wayne & Tyga);264946;2014;99.059;hip hop, pop, R&B;0.522;10;-5.963
Post Malone;rockstar (feat. 21 Savage);218146;2018;159.801;hip hop;0.52;5;-6.136
Calvin Harris;Thinking About You (feat. Ayah Marar);247933;2012;127.985;hip hop, pop, Dance/Electronic;0.874;0;-3.715
Case;Missing You;284666;2001;86.31;hip hop, pop, R&B;0.579;1;-6.417
T.I.;Whatever You Like;249533;2008;150.053;hip hop, pop;0.687;9;-6.162
Billie Eilish;bury a friend;193143;2019;120.046;pop, Dance/Electronic;0.389;8;-14.505
Lily Allen;Smile;196893;2006;95.506;pop;0.639;5;-5.938
Lorde;Royals;190185;2013;84.878;pop, Dance/Electronic;0.428;7;-9.504
Leona Lewis;Better in Time;234173;2007;163.953;pop, R&B;0.7;6;-4.251
Take That;Patience;202066;2006;175.788;pop;0.783;10;-4.154
JoJo;Leave (Get Out) - Radio Edit;242746;2005;86.891;hip hop, pop, R&B;0.513;5;-8.691
Santana;Maria Maria (feat. The Product G&B);261973;1999;97.911;rock, blues, latin;0.601;2;-5.931
Taylor Swift;Style;231000;2014;94.933;pop;0.791;7;-5.595
The Ting Tings;Shut Up and Let Me Go;171226;2007;107.993;pop, rock, Dance/Electronic;0.927;7;-4.497
Fergie;Big Girls Don't Cry (Personal);268120;2006;113.082;pop, R&B;0.641;7;-4.296
Migos;MotorSport;303076;2018;137.996;hip hop, pop;0.518;2;-5.32
Pitbull;Hotel Room Service;238506;2009;126.003;hip hop, pop, latin;0.599;6;-8.164
Rita Ora;Anywhere;215064;2017;106.93;hip hop, pop, Dance/Electronic;0.797;11;-3.953
Coldplay;Violet Hill;222653;2008;76.093;rock, pop;0.58;1;-7.875
Arctic Monkeys;I Bet You Look Good On The Dancefloor;173680;2006;103.183;rock;0.948;6;-4.19
Sugababes;Too Lost In You;237693;2003;98.014;pop, R&B;0.705;1;-4.904
50 Cent;"Wanksta - From ""8 Mile"" Soundtrack";219400;2003;81.008;hip hop, pop;0.863;1;-3.552
iio;Rapture (feat.Nadia Ali);253586;2006;123.943;Dance/Electronic;0.855;8;-8.403
Madonna;Music;225973;2000;119.854;pop;0.802;7;-8.527
Enrique Iglesias;DUELE EL CORAZON (feat. Wisin);199693;2016;91.03;pop, latin;0.908;8;-3.254
Ying Yang Twins;Wait (The Whisper Song);179160;2005;102.017;hip hop, pop;0.513;7;-13.203
Icona Pop;I Love It (feat. Charli XCX);157152;2013;125.916;pop, Dance/Electronic;0.906;8;-2.671
Shawn Mendes;Stitches;206880;2015;149.882;pop;0.754;1;-6.684
2 Chainz;We Own It (Fast & Furious);227906;2013;171.999;hip hop, pop;0.902;1;-4.586
Trick Daddy;I'm a Thug;254400;2001;139.976;hip hop, pop;0.561;11;-5.961
Will Young;Leave Right Now;214733;2003;81.931;pop;0.445;6;-8.674
Natasha Bedingfield;Pocketful of Sunshine;203440;2008;110.019;pop;0.881;9;-3.892
Linkin Park;BURN IT DOWN;230253;2012;110.006;rock, metal;0.972;9;-4.45
Lady Gaga;Paparazzi;208306;2008;114.906;pop;0.692;5;-3.973
Snoop Dogg;Sweat - Remix;195986;2011;130.02;hip hop, pop;0.732;7;-5.636
Empire of the Sun;Walking On A Dream;198440;2008;126.975;rock, pop, Dance/Electronic;0.701;5;-5.594
Christina Milian;AM To PM;231213;2001;105.005;hip hop, pop, R&B;0.868;10;-3.036
Limp Bizkit;Take A Look Around;321040;2000;101.968;metal;0.852;11;-5.607
Franz Ferdinand;Take Me Out;237026;2004;104.561;rock;0.663;4;-8.821
K'NAAN;Wavin' Flag;220520;2009;75.974;set();0.699;0;-6.416
Lady Gaga;Bad Romance;294573;2009;119.001;pop;0.921;0;-3.755
Jason Derulo;In My Head;199026;2010;110.009;hip hop, pop;0.748;0;-4.15
Lil Peep;Save That Shit;231546;2017;105.997;hip hop;0.583;2;-8.672
The Chainsmokers;Closer;244960;2016;95.01;pop, Dance/Electronic;0.524;8;-5.599
Jennifer Hudson;Spotlight;250106;2008;108.984;pop, R&B, easy listening;0.724;11;-3.887
Chris Brown;Yo (Excuse Me Miss);229040;2005;86.768;hip hop, pop, R&B;0.612;4;-5.847
Lewis Capaldi;Someone You Loved;182160;2019;109.891;pop;0.405;1;-5.679
Three Days Grace;I Hate Everything About You;231480;2003;89.342;rock, metal;0.83;6;-5.157
Red Hot Chili Peppers;The Adventures of Rain Dance Maggie;282400;2011;106.254;rock;0.734;4;-4.523
Daniel Powter;Bad Day;233640;2005;140.046;pop;0.785;3;-4.013
Megan Thee Stallion;Hot Girl Summer (feat. Nicki Minaj & Ty Dolla $ign);199427;2019;98.985;hip hop, pop, R&B;0.814;0;-4.568
Sidney Samson;Riverside;320348;2009;125.997;Dance/Electronic;0.976;1;-2.458
Eminem;"Lose Yourself - From ""8 Mile"" Soundtrack";322226;2004;171.355;hip hop;0.735;2;-4.616
Offset;Clout (feat. Cardi B);205803;2019;140.022;hip hop, pop;0.622;1;-7.384
Baby Boy Da Prince;The Way I Live - Main Explicit;324906;2006;90.02;hip hop, pop;0.438;0;-7.562
Travis Scott;BUTTERFLY EFFECT;190677;2017;140.987;hip hop, Dance/Electronic;0.598;11;-6.865
T-Pain;Bartender (feat. Akon);238800;2007;104.987;hip hop, pop, R&B;0.394;8;-8.539
The-Dream;I Luv Your Girl;267866;2007;90.063;hip hop, pop, R&B;0.322;8;-9.702
The Raconteurs;Steady, As She Goes;215266;2006;123.696;rock;0.578;9;-4.563
Ricky Martin;She Bangs - English Version;280626;2000;143.866;pop, latin;0.95;1;-4.012
BØRNS;Electric Love;218173;2015;120.063;rock, pop;0.858;6;-6.536
Sean Paul;Temperature;218573;2005;125.04;hip hop, pop;0.6;0;-4.675
N.O.R.E.;Nothin';264653;2002;97.035;hip hop, pop;0.863;3;-6.118
Rihanna;Shut Up And Drive;212280;2008;132.964;hip hop, pop, R&B;0.826;1;-4.902
Tiësto;Jackie Chan;215759;2018;128.005;pop, Dance/Electronic;0.834;3;-2.867
The Neighbourhood;Sweater Weather;240400;2013;124.053;rock, pop;0.807;10;-2.81
Future;Low Life (feat. The Weeknd);313546;2016;143.961;hip hop, pop;0.331;8;-7.789
Justin Timberlake;Summer Love;252973;2006;95.802;pop;0.591;0;-7.228
Klingande;Jubel - Radio Edit;201626;2013;124.938;pop, Dance/Electronic;0.524;0;-7.251
Coldplay;In My Place;226680;2002;144.636;rock, pop;0.588;9;-5.455
OneRepublic;Stop And Stare;223853;2007;92.474;pop;0.859;4;-4.274
Future;Mask Off;204600;2017;150.062;hip hop, pop;0.434;2;-8.795
Basshunter;All I Ever Wanted - Radio Edit;176453;2008;144.954;pop;0.984;4;-7.051
Enya;Only Time;218546;2000;82.803;World/Traditional, Folk/Acoustic;0.249;3;-13.744
Camila Cabello;Never Be the Same;226973;2018;129.923;pop;0.713;0;-4.333
Marshmello;Silence;180822;2017;141.971;pop, Dance/Electronic;0.761;4;-3.093
P!nk;True Love (feat. Lily Allen);230733;2012;192.205;pop;0.823;9;-4.76
Robbie Williams;Tripping;276603;2005;118.014;pop, rock;0.922;2;-4.458
Ariana Grande;Problem;193920;2014;103.008;pop;0.805;1;-5.352
Mary J. Blige;Just Fine;242133;2007;123.021;pop, R&B;0.795;11;-3.61
Justin Timberlake;Cry Me a River;288333;2002;73.898;pop;0.654;8;-6.582
Post Malone;Better Now;231266;2018;145.038;hip hop;0.578;10;-5.804
David Guetta;Where Them Girls At (feat. Nicki Minaj & Flo Rida);194840;2012;129.884;hip hop, pop, Dance/Electronic;0.876;3;-3.078
Wiz Khalifa;Work Hard, Play Hard;219026;2012;140.008;hip hop, pop;0.666;11;-4.475
Ciara;1, 2 Step (feat. Missy Elliott) - Main;202213;2005;113.053;pop, R&B;0.498;5;-10.94
Astrid S;Hurts So Good;208728;2016;120.036;rock, pop, Dance/Electronic;0.589;7;-5.008
5 Seconds of Summer;Youngblood;203417;2018;120.274;pop;0.854;7;-5.114
Demi Lovato;Confident;205745;2015;130.064;pop;0.749;3;-6.251
Mystikal;Shake Ya Ass;256973;2000;98.054;hip hop, pop;0.607;7;-5.658
Anuel AA;China;301714;2019;105.027;latin;0.808;7;-3.702
My Chemical Romance;Teenagers;161920;2006;111.647;rock;0.857;4;-3.063
Oliver Heldens;Gecko (Overdrive) - Radio Edit;165440;2014;124.959;pop, Dance/Electronic;0.885;0;-5.469
Lil Wayne;Lollipop;299333;2008;148.075;hip hop, pop;0.428;0;-9.469
Ellie Goulding;Burn;231211;2014;87.016;pop, rock, Dance/Electronic;0.777;1;-5.031
Fitz and The Tantrums;HandClap;193253;2016;139.956;pop, rock;0.836;8;-3.004
The Band Perry;If I Die Young;222773;2010;130.739;country;0.497;4;-6.611
Martin Solveig;Intoxicated - New Radio Mix;159693;2015;125.004;pop, Dance/Electronic;0.677;0;-4.023
NF;Let You Down;212120;2017;147.997;hip hop, pop;0.714;5;-5.68
Rihanna;Only Girl (In The World);235493;2010;125.906;hip hop, pop, R&B;0.716;11;-4.241
Ludacris;Runaway Love;280680;2006;92.854;hip hop, pop;0.721;1;-6.97
Missy Elliott;Gossip Folks (feat. Ludacris);234893;2002;121.732;hip hop, pop, R&B;0.538;0;-5.264
Eiffel 65;Move Your Body - Gabry Ponte Original Radio Edit;268863;1999;129.962;pop;0.958;7;-9.664
Cascada;Everytime We Touch - Radio Edit;199120;2011;142.019;hip hop, pop, Dance/Electronic;0.977;8;-5.369
MK;17;196489;2017;122.029;pop, Dance/Electronic;0.832;0;-7.202
Kygo;Stole the Show;222813;2016;99.886;pop, Dance/Electronic;0.633;8;-6.443
Ne-Yo;Miss Independent;232000;2008;171.812;pop, R&B;0.673;1;-5.714
LeAnn Rimes;Can't Fight The Moonlight;215506;2001;97.865;pop, country;0.834;6;-6.341
Marc Anthony;You Sang To Me;347106;1999;165.98;pop, latin;0.894;10;-5.42
Paramore;Still into You;216013;2013;136.01;pop, rock;0.923;5;-3.763
Carrie Underwood;Blown Away;240133;2012;136.991;pop, country;0.843;9;-2.569
blink-182;All The Small Things;167066;1999;148.726;rock, pop;0.897;0;-4.918
Tove Lo;Talking Body;238426;2014;119.999;pop, Dance/Electronic;0.761;4;-5.449
Rihanna;Bitch Better Have My Money;219305;2015;102.99;hip hop, pop, R&B;0.728;1;-4.981
O-Zone;Dragostea Din Tei;215431;2004;130.103;pop;0.965;0;-3.947
Lil Wayne;6 Foot 7 Foot;248586;2011;79.119;hip hop, pop;0.752;2;-5.429
Drake;Hotline Bling;267066;2016;134.966;hip hop, pop, R&B;0.628;2;-7.863
Timbaland;The Way I Are;179120;2007;114.759;hip hop, pop, R&B;0.807;3;-6.492
Justin Timberlake;LoveStoned / I Think She Knows (Interlude);444333;2006;121.243;pop;0.681;1;-6.247
Jordin Sparks;One Step At a Time;205160;2007;102.028;pop, R&B;0.692;1;-4.672
Eminem;'Till I Collapse;297786;2002;171.447;hip hop;0.847;1;-3.237
Miley Cyrus;Party In The U.S.A.;202066;2009;96.021;pop;0.698;10;-4.667
Outkast;The Way You Move (feat. Sleepy Brown);234000;2003;125.999;hip hop, pop;0.597;5;-4.932
Maroon 5;Cold (feat. Future);234308;2017;99.905;pop;0.716;9;-6.288
Keri Hilson;Knock You Down;326186;2009;155.165;pop, R&B;0.877;8;-4.78
Lady Gaga;Alejandro;274213;2009;98.998;pop;0.793;11;-6.63
Coldplay;A Sky Full of Stars;267866;2014;124.97;rock, pop;0.675;6;-6.474
The Weeknd;The Hills;242253;2015;113.003;pop, R&B;0.564;0;-7.063
Katie Melua;The Closest Thing to Crazy;252466;2003;127.831;pop, easy listening, jazz;0.219;4;-13.2
Nickelback;How You Remind Me;223840;2001;172.094;rock, metal;0.764;10;-5.042
Monica;So Gone;242773;2003;81.975;pop, R&B;0.552;8;-6.863
Kesha;C'Mon;214333;2012;126.025;pop, Dance/Electronic;0.781;1;-5.448
James Morrison;Broken Strings;250453;2008;111.91;pop, R&B;0.717;1;-4.914
Alesha Dixon;The Boy Does Nothing;210680;2008;87.0;pop;0.972;3;-2.423
Cobra Starship;Good Girls Go Bad (feat. Leighton Meester);196413;2009;119.964;pop, Dance/Electronic;0.874;0;-3.716
Beyoncé;7/11;213506;2014;136.024;pop, R&B;0.705;9;-5.137
Eric Prydz;Pjanoo - Radio Edit;157432;2008;125.99;pop, Dance/Electronic;0.874;7;-4.949
Sofía Reyes;1, 2, 3 (feat. Jason Derulo & De La Ghetto);201526;2018;94.968;pop, latin;0.895;1;-3.112
Destiny's Child;Soldier (feat. T.I. & Lil' Wayne);325573;2004;77.49;pop, R&B;0.417;7;-6.799
DJ Snake;Turn Down for What;213733;2013;100.014;hip hop, pop, Dance/Electronic;0.799;1;-4.1
Next;Wifey;243666;2004;99.581;hip hop, pop, R&B;0.652;7;-8.693
Chris Brown;Look At Me Now (feat. Lil' Wayne & Busta Rhymes);222586;2011;146.155;hip hop, pop, R&B;0.677;11;-6.128
The White Stripes;Seven Nation Army;231920;2003;123.904;rock, blues;0.469;4;-7.627
Destiny's Child;Independent Women, Pt. 1;221133;2001;97.954;pop, R&B;0.602;6;-3.782
Bazzi;Mine;131064;2018;142.929;pop, Dance/Electronic;0.789;4;-3.874
Hilltop Hoods;1955;239280;2016;84.044;hip hop, pop;0.5;11;-7.558
Hinder;Lips Of An Angel;261053;2019;129.005;pop, rock, metal;0.744;2;-5.386
Busta Rhymes;Touch It;214960;2006;138.335;hip hop, pop;0.551;1;-6.62
Katy Perry;This Is How We Do;204285;2013;96.0;pop;0.636;9;-6.028
Kaiser Chiefs;Everyday I Love You Less And Less;217706;2005;160.028;rock;0.956;1;-4.556
Kris Allen;Live Like We're Dying;212506;2009;92.011;pop;0.893;0;-2.948
Lasgo;Something;220973;2001;140.01;pop;0.981;7;-6.644
Ida Corr;Let Me Think About It;151973;2012;129.026;set();0.754;0;-3.425
21 Savage;Bank Account;220306;2017;75.016;hip hop;0.347;8;-8.227
Omarion;Ice Box;256426;2006;131.105;hip hop, pop, R&B;0.731;8;-5.446
Snoop Dogg;Drop It Like It's Hot;266066;2004;92.063;hip hop, pop;0.628;1;-3.832
Eminem;The Monster;250188;2013;110.049;hip hop;0.853;1;-3.68
Razorlight;America;249760;2006;90.933;rock, pop;0.568;2;-4.975
Avicii;Hey Brother;255093;2013;125.014;pop, Dance/Electronic;0.78;7;-4.867
Nicky Jam;El Perdón - Forgiveness;206666;2017;90.013;latin;0.719;8;-3.839
Fat Joe;What's Luv? (feat. Ja-Rule & Ashanti);267093;2001;93.955;hip hop, pop;0.707;8;-5.074
Tamia;Stranger in My House;285386;2000;119.94;pop, R&B;0.601;0;-4.905
Khia;My Neck, My Back (Lick It);222560;2015;102.072;pop, R&B;0.625;9;-4.234
Maroon 5;This Love;206200;2002;95.051;pop;0.862;5;-4.612
112;It's Over Now;264933;2001;97.988;hip hop, pop, R&B;0.71;1;-4.541
Flo Rida;Right Round;204640;2009;124.986;hip hop, pop;0.672;7;-6.852
Westlife;Mandy;199320;2003;105.678;pop;0.636;5;-5.08
Olly Murs;Heart Skips a Beat (feat. Rizzle Kicks);202266;2011;110.621;pop, Dance/Electronic;0.881;9;-3.951
Spiderbait;Black Betty - Edit;205973;2004;124.047;rock;0.865;7;-6.476
Darude;Sandstorm;225493;2001;136.065;pop, Dance/Electronic;0.965;11;-7.984
James Morrison;Broken Strings;250453;2008;111.91;pop, R&B;0.717;1;-4.914
Jonas Blue;Mama;181614;2017;104.016;pop, Dance/Electronic;0.792;11;-4.256
Migos;Walk It Talk It;276147;2018;145.914;hip hop, pop;0.633;2;-5.145
No Doubt;It's My Life;226053;2003;126.326;rock, pop;0.735;8;-5.074
Céline Dion;A New Day Has Come - Radio Remix;259773;2001;91.969;pop;0.691;6;-5.103
AWOLNATION;Sail;259102;2011;119.038;pop, rock;0.435;1;-9.582
Daniel Bedingfield;Gotta Get Thru This - D'N'D Radio Edit;162333;2002;133.592;pop;0.762;7;-5.044
Calvin Harris;Summer;224506;2014;127.962;hip hop, pop, Dance/Electronic;0.861;4;-3.565
M.O.P.;Cold as Ice;244466;2000;85.565;hip hop;0.88;11;-5.425
Calvin Harris;My Way;219159;2016;119.986;hip hop, pop, Dance/Electronic;0.913;4;-3.06
Sandi Thom;I Wish I Was a Punk Rocker (with Flowers in My Hair);151640;2006;108.102;World/Traditional, pop;0.465;4;-6.815
Michael Jackson;You Rock My World;337733;2001;95.0;pop, R&B;0.673;4;-3.132
Atomic Kitten;Eternal Flame - Single Version;195506;2001;83.293;pop;0.581;0;-6.867
Asaf Avidan & the Mojos;One Day / Reckoning Song (Wankelmut Remix) [Radio Edit];212360;2012;119.012;pop;0.676;3;-6.366
Disturbing Tha Peace;Move Bitch;272293;2002;177.894;hip hop, pop;0.751;1;-5.692
Donell Jones;Where I Wanna Be;253626;1999;102.053;pop, R&B;0.396;5;-9.131
Rich Boy;Throw Some D's;263920;2007;160.895;hip hop, pop;0.86;11;-5.181
Demi Lovato;Heart Attack;210840;2013;173.968;pop;0.785;8;-4.802
Black Eyed Peas;Boom Boom Pow;251440;2009;130.048;hip hop, pop;0.857;9;-5.892
Akon;Locked Up;235066;2004;89.987;pop;0.579;7;-4.475
Green Day;Boulevard of Broken Dreams;261266;2004;167.046;rock;0.679;8;-3.68
